plantCombinationName;;plantCombinationRank;plantCombinationList
I. Wasserpflanzengesellschaften;;FOR;I. Wasserpflanzengesellschaften
Lemnetea;De Bolòs et Masclans 1955;KLA;  Lemnetea
Lemna minor-Gesellschaft;;ASS;        Lemna minor-Gesellschaft
Lemnetalia minoris;De Bolòs et Masclans 1955;ORD;    Lemnetalia minoris
Lemnion gibbae;Tx. et Schwabe-Braun 1974;VRB;      Lemnion gibbae
Lemnetum gibbae;(W. Koch 1954) Miyawaki et J. Tx. 1960;ASS;        Lemnetum gibbae
Lemno-Spirodeletum polyrhizae;W. Koch 1954;ASS;        Lemno-Spirodeletum polyrhizae
Lemna turionifera-Gesellschaft;;ASS;        Lemna turionifera-Gesellschaft
Lemna minuta-Gesellschaft;;ASS;        Lemna minuta-Gesellschaft
Azolla filiculoides-Gesellschaft;;ASS;        Azolla filiculoides-Gesellschaft
Spirodelo-Salvinietum natantis;Slavnic 1956;ASS;        Spirodelo-Salvinietum natantis
Wolffietum arrhizae;Miyawaki et J. Tx. 1960;ASS;        Wolffietum arrhizae
Riccio-Lemnion trisulcae;Tx. et Schwabe-Braun in Tx. 1974;VRB;      Riccio-Lemnion trisulcae
Lemnetum trisulcae;R. Knapp et Stoffers 1962;ASS;        Lemnetum trisulcae
Riccietum fluitantis;Slavnic 1956;ASS;        Riccietum fluitantis
Ricciocarpetum natantis;Tx. 1974;ASS;        Ricciocarpetum natantis
Hydrocharitetalia;Rübel 1933;ORD;    Hydrocharitetalia
Hydrocharition;Rübel 1933;VRB;      Hydrocharition
Stratiotetum aloidis s.l.;Nowinski 1930;ASS;        Stratiotetum aloidis s.l.
Hydrocharitetum morsus-ranae;van Langendonck 1935;ZEH;          Hydrocharitetum morsus-ranae
Stratiotetum aloidis s.str.;Nowinski 1930;ZEH;          Stratiotetum aloidis s.str.
Lemno-Utricularietum vulgaris;Soó 1947;ASS;        Lemno-Utricularietum vulgaris
Utricularietum neglectae;Th. Müller et Görs 1960;ASS;        Utricularietum neglectae
Aldrovanda vesiculosa-Gesellschaft;;ASS;        Aldrovanda vesiculosa-Gesellschaft
Charetea fragilis;Fukarek ex Krausch 1964;KLA;  Charetea fragilis
Nitelletalia flexilis;W. Krause 1969;ORD;    Nitelletalia flexilis
Nitellion flexilis;(Corillion 1957) Dambska 1966;VRB;      Nitellion flexilis
Nitelletum flexilis;Corillion 1957;ASS;        Nitelletum flexilis
Charetum braunii;Corillion 1957;ASS;        Charetum braunii
Nitelletum capillaris;Corillion 1957;ASS;        Nitelletum capillaris
Nitelletum gracilis;Corillion 1957;ASS;        Nitelletum gracilis
Nitelletum translucentis;Corillion 1957;ASS;        Nitelletum translucentis
Chara delicatula-Gesellschaft;;ASS;        Chara delicatula-Gesellschaft
Nitellion syncarpo-tenuissimae;W. Krause 1969;VRB;      Nitellion syncarpo-tenuissimae
Nitelletum opacae s.l.;Corillion 1957;ASS;        Nitelletum opacae s.l.
Nitelletum opacae s.str.;Corillion 1957;ZEH;          Nitelletum opacae s.str.
Nitelletum mucronatae;Doll 1989;ZEH;          Nitelletum mucronatae
Nitelletum syncarpo-tenuissimae;W. Krause 1969;ASS;        Nitelletum syncarpo-tenuissimae
Charetalia hispidae;Sauer ex Krausch 1964;ORD;    Charetalia hispidae
Charion fragilis;Krausch 1964;VRB;      Charion fragilis
Charo-Tolypelletum glomeratae;Corillion 1957;ASS;        Charo-Tolypelletum glomeratae
Charetum asperae;Corillion 1957;ASS;        Charetum asperae
Charetum strigosae;Melzer 1976;ASS;        Charetum strigosae
Magnocharetum hispidae;Corillion 1957;ASS;        Magnocharetum hispidae
Charetum equisetinae;Schmidt 1981;ZEH;          Charetum equisetinae
Charetum intermediae;Dambska 1966;ASS;        Charetum intermediae
Charetum tomentosae;Corillion 1957;ASS;        Charetum tomentosae
Nitellopsidetum obtusae;Sauer ex Dambska 1961;ASS;        Nitellopsidetum obtusae
Charetum fragilis;Fijalkowski 1960;ASS;        Charetum fragilis
Charetum filiformis;Jeschke (1959) 1961;ASS;        Charetum filiformis
Charetum contrariae;Corillion 1957;ASS;        Charetum contrariae
Charion vulgaris;(W. Krause et Lang 1977) Krause 1981;VRB;      Charion vulgaris
Charetum vulgaris;Corillion 1957;ASS;        Charetum vulgaris
Charo-Tolypelletum intricatae;Corillion 1957;ASS;        Charo-Tolypelletum intricatae
Tolypelletum proliferae;Guerlesquin 1961;ASS;        Tolypelletum proliferae
Charion canescentis;Krausch 1964;VRB;      Charion canescentis
Charetum canescentis;Corillion 1957;ASS;        Charetum canescentis
Zosteretea;S. Pignatti 1953;KLA;  Zosteretea
Zosteretalia marinae;Beguinot 1941;ORD;    Zosteretalia marinae
Zosterion marinae;Christiansen 1934;VRB;      Zosterion marinae
Zosteretum marinae;Borgesen ex van Goor 1921;ASS;        Zosteretum marinae
Zosteretum noltii;Harmsen 1936;ASS;        Zosteretum noltii
Potamogetonetea;Klika in Klika et Novák 1941;KLA;  Potamogetonetea
Potamogetonetalia;W. Koch 1926;ORD;    Potamogetonetalia
Hippuris vulgaris-Gesellschaft;;ASS;        Hippuris vulgaris-Gesellschaft
Ranunculion fluitantis;Neuhäusl 1959;VRB;      Ranunculion fluitantis
Ranunculetum fluitantis;(Allorge 1922) W. Koch 1926;ASS;        Ranunculetum fluitantis
Ranunculo trichophylli-Sietum erecto-submersi;Th. Müller 1962;ASS;        Ranunculo trichophylli-Sietum erecto-submersi
Callitrichetum obtusangulae;Seibert 1962;ASS;        Callitrichetum obtusangulae
Callitricho hamulatae-Myriophylletum alterniflori;(Steusloff 1939) Weber-Oldecop 1967;ASS;        Callitricho hamulatae-Myriophylletum alterniflori
Veronico beccabungae-Callitrichetum stagnalis;Th. Müller 1962;ASS;        Veronico beccabungae-Callitrichetum stagnalis
Potamogetonetum colorati;Allorge 1922;ASS;        Potamogetonetum colorati
Groenlandietum densae;De Bolòs 1957;ASS;        Groenlandietum densae
Sparganio emersi-Potamogetonetum pectinati;Hilbig et Reichhoff 1971;ASS;        Sparganio emersi-Potamogetonetum pectinati
Callitricho-Ranunculetum penicillati;Dethioux et Noirfalise 1985;ASS;        Callitricho-Ranunculetum penicillati
Potamogeton nodosus-Gesellschaft des Fließwassers;;ASS;        Potamogeton nodosus-Gesellschaft des Fließwassers
Potamogetonion pectinati;(W. Koch 1926) Görs 1977;VRB;      Potamogetonion pectinati
Potamogetonetum filiformis;W. Koch 1928;ASS;        Potamogetonetum filiformis
Potamogetonetum alpini;Podbielkowski 1967;ASS;        Potamogetonetum alpini
Najadetum intermediae;Lang 1973;ASS;        Najadetum intermediae
Potamogetono-Zannichellietum palustris;W. Koch 1926;ASS;        Potamogetono-Zannichellietum palustris
Potamogetonetum lucentis;Hueck 1931;ASS;        Potamogetonetum lucentis
Najadetum marinae;Fukarek 1961;ASS;        Najadetum marinae
Potamogetonetum trichoidis;Freitag et al. 1958;ASS;        Potamogetonetum trichoidis
Potamogetonetum praelongi;Sauer 1937;ASS;        Potamogetonetum praelongi
Callitrichetum hermaphroditicae;Looman 1985;ASS;        Callitrichetum hermaphroditicae
Potamogeton perfoliatus-Gesellschaft;;ASS;        Potamogeton perfoliatus-Gesellschaft
Potamogeton pectinatus-Gesellschaft;;ASS;        Potamogeton pectinatus-Gesellschaft
Potamogeton obtusifolius-Gesellschaft;;ASS;        Potamogeton obtusifolius-Gesellschaft
Potamogeton acutifolius-Gesellschaft;;ASS;        Potamogeton acutifolius-Gesellschaft
Potamogeton compressus-Gesellschaft;;ASS;        Potamogeton compressus-Gesellschaft
Ceratophyllum submersum-Gesellschaft;;ASS;        Ceratophyllum submersum-Gesellschaft
Potamogeton friesii-Gesellschaft;;ASS;        Potamogeton friesii-Gesellschaft
Potamogeton rutilus-Gesellschaft;;ASS;        Potamogeton rutilus-Gesellschaft
Potamogeton gramineus-Gesellschaft;;ASS;        Potamogeton gramineus-Gesellschaft
Potamogeton pusillus-Gesellschaft;;ASS;        Potamogeton pusillus-Gesellschaft
Potamogeton berchtoldii-Gesellschaft;;ASS;        Potamogeton berchtoldii-Gesellschaft
Ceratophyllum demersum-Gesellschaft;;ASS;        Ceratophyllum demersum-Gesellschaft
Elodea nuttallii-Gesellschaft;;ASS;        Elodea nuttallii-Gesellschaft
Potamogeton zizii-Gesellschaft;;ASS;        Potamogeton zizii-Gesellschaft
Nymphaeion albae;Oberd. 1957;VRB;      Nymphaeion albae
Myriophyllo-Nupharetum;Koch 1926;ASS;        Myriophyllo-Nupharetum
Nymphoidetum peltatae;Bellot 1951 nom. mutat. propos.;ASS;        Nymphoidetum peltatae
Trapetum natantis;Th. Müller et Görs 1960;ASS;        Trapetum natantis
Potamogetono-Nymphaeetum candidae;Hejný 1948 nom. invalid.;ASS;        Potamogetono-Nymphaeetum candidae
Nymphaeetum albae;Vollmar 1947 corr. Oberd. in Oberd. et al. 1967 nom. invalid.;ASS;        Nymphaeetum albae
Nupharetum pumilae;Oberd. 1957 ex Th. Müller et Görs 1960;ASS;        Nupharetum pumilae
Potamogeton nodosus-Gesellschaft des Stillwassers;;ASS;        Potamogeton nodosus-Gesellschaft des Stillwassers
Potamogeton natans-Gesellschaft;;ASS;        Potamogeton natans-Gesellschaft
Polygonum amphibium-Bestände;;ASS;        Polygonum amphibium-Bestände
Ranunculion aquatilis;Passarge 1964;VRB;      Ranunculion aquatilis
Ranunculetum aquatilis;Sauer 1945;ASS;        Ranunculetum aquatilis
Ranunculetum peltati;(Segal 1965) Weber-Oldecop 1969;ASS;        Ranunculetum peltati
Hottonietum palustris;Tx. 1937;ASS;        Hottonietum palustris
Ranunculetum baudotii;Hocquette 1927;ASS;        Ranunculetum baudotii
Ranunculetum hederacei;(Tx. et Diémont 1936) Libbert 1940;ASS;        Ranunculetum hederacei
Ruppion maritimae;Br.-Bl. 1931;VRB;      Ruppion maritimae
Ruppietum maritimae;Hocquette 1927;ASS;        Ruppietum maritimae
Ruppietum cirrhosae;Iversen 1934;ASS;        Ruppietum cirrhosae
Eleocharitetum parvulae;(Libbert 1940) Gillner 1960;ASS;        Eleocharitetum parvulae
Tolypelletum nidificae;Kornas 1959;ASS;        Tolypelletum nidificae
Utricularietea;Pietsch 1965;KLA;  Utricularietea
Utricularietalia intermedio-minoris;Pietsch 1965;ORD;    Utricularietalia intermedio-minoris
Scorpidio-Utricularion minoris;Pietsch 1965;VRB;      Scorpidio-Utricularion minoris
Scorpidio-Utricularietum intermediae;Ilschner ex Th. Müller et Görs 1960;ASS;        Scorpidio-Utricularietum intermediae
Sphagno-Utricularion;Th. Müller et Görs 1960;VRB;      Sphagno-Utricularion
Utricularietum ochroleucae;Pietsch 2000;ASS;        Utricularietum ochroleucae
Sphagno-Utricularietum stygiae;Oberd. ex Th. Müller et Görs 1960 corr. Rennwald 2000;ASS;        Sphagno-Utricularietum stygiae
Sparganio minimi-Utricularietum intermedii;Tx. 1937;ASS;        Sparganio minimi-Utricularietum intermedii
Sphagno denticulati-Sparganietum angustifolii;Tx. 1937 nom. invers. propos.;ASS;        Sphagno denticulati-Sparganietum angustifolii
Sphagno-Utricularietum minoris;Fijalkowski 1960;ASS;        Sphagno-Utricularietum minoris
Isoëto-Littorelletea;Br.-Bl. et Vlieger in Vlieger 1937;KLA;  Isoëto-Littorelletea
Isoëto-Littorelletea-Basalgesellschaft;;ASS;        Isoëto-Littorelletea-Basalgesellschaft
Littorella uniflora-Gesellschaft;;ZEH;          Littorella uniflora-Gesellschaft
Juncus bulbosus-Gesellschaft;;ZEH;          Juncus bulbosus-Gesellschaft
Potamogeton polygonifolius-Gesellschaft;;ZEH;          Potamogeton polygonifolius-Gesellschaft
Littorelletalia;W. Koch 1926;ORD;    Littorelletalia
Deschampsion littoralis;Oberd. et Dierßen in Dierßen 1975;VRB;      Deschampsion littoralis
Deschampsietum rhenanae;Oberd. 1957 ex Th. Müller et Görs 1960;ASS;        Deschampsietum rhenanae
Littorellion uniflorae;W. Koch 1926;VRB;      Littorellion uniflorae
Isoëtetum echinosporae;W. Koch 1926;ASS;        Isoëtetum echinosporae
Isoëto-Lobelietum;Tx. 1937;ASS;        Isoëto-Lobelietum
Eleocharition acicularis;Pietsch 1967;VRB;      Eleocharition acicularis
Littorello-Eleocharitetum acicularis;Jouanne 1925;ASS;        Littorello-Eleocharitetum acicularis
Hydrocotylo-Baldellion;Tx. et Dierßen in Dierßen 1972;VRB;      Hydrocotylo-Baldellion
Eleocharitetum multicaulis;(Allorge 1922) Tx. 1937;ASS;        Eleocharitetum multicaulis
Carici-Deschampsietum setaceae;Pietsch 1968;ZEH;          Carici-Deschampsietum setaceae
Pilularietum globuliferae;Th. Müller et Görs 1960;ASS;        Pilularietum globuliferae
Samolo-Littorelletum;Westhoff 1943;ASS;        Samolo-Littorelletum
Scirpetum fluitantis;Allorge 1922;ASS;        Scirpetum fluitantis
Apium inundatum-Peplis portula-Gesellschaft;;ASS;        Apium inundatum-Peplis portula-Gesellschaft
II. Schutt-, Felsspalten- und Mauerfugengesellschaften;;FOR;II. Schutt-, Felsspalten- und Mauerfugengesellschaften
Asplenietea trichomanis;(Br.-Bl. in Meier et Br.-Bl. 1934) Oberd. 1977;KLA;  Asplenietea trichomanis
Potentilletalia caulescentis;Br.-Bl. in Br.-Bl. et Jenny 1926;ORD;    Potentilletalia caulescentis
Potentillion caulescentis;Br.-Bl. in Br.-Bl. et Jenny 1926;VRB;      Potentillion caulescentis
Androsacetum helveticae;Lüdi ex Br.-Bl. in Br.-Bl. et Jenny 1926;ASS;        Androsacetum helveticae
Hieracio humilis-Potentilletum caulescentis;Br.-Bl. in Meier et Br.-Bl. 1934;ASS;        Hieracio humilis-Potentilletum caulescentis
Drabo-Hieracietum humilis;Oberd. (1970) 1977;ASS;        Drabo-Hieracietum humilis
Asplenium trichomanes-Asplenium ruta-muraria-Gesellschaft;;ASS;        Asplenium trichomanes-Asplenium ruta-muraria-Gesellschaft
Cystopteridion fragilis;J.L. Richard 1972;VRB;      Cystopteridion fragilis
Cystopteridetum fragilis;Oberd. 1938;ASS;        Cystopteridetum fragilis
Heliospermo-Cystopteridetum alpinae;J.L. Richard 1972 corr. Pott 1992;ASS;        Heliospermo-Cystopteridetum alpinae
Asplenio-Caricetum brachystachyos;Richard 1972;ASS;        Asplenio-Caricetum brachystachyos
Drabo stellatae-Potentilletum clusianae;Hörandl et Greimler in Mucina 1993;ASS;        Drabo stellatae-Potentilletum clusianae
Cystopteridetum dickieanae;Dierßen 1992;ASS;        Cystopteridetum dickieanae
Androsacetalia vandellii;Br.-Bl. in Meier et Br.-Bl. 1934;ORD;    Androsacetalia vandellii
Asplenion septentrionalis;Focquet 1982;VRB;      Asplenion septentrionalis
Sileno rupestris-Asplenietum septentrionalis;Malcuit ex Oberd. 1934;ASS;        Sileno rupestris-Asplenietum septentrionalis
Asplenietum septentrionali-adianti-nigri;Oberd. 1938;ASS;        Asplenietum septentrionali-adianti-nigri
Asplenietum serpentini;Gauckler 1954;ASS;        Asplenietum serpentini
Cryptogramma crispa-Gesellschaft;;ASS;        Cryptogramma crispa-Gesellschaft
Asarinion procumbentis;Br.-Bl. in Meier et Br.-Bl. 1934;VRB;      Asarinion procumbentis
Crocynio-Asplenietum billotii;G. Schulze et Korneck 1971;ASS;        Crocynio-Asplenietum billotii
Androsacion vandellii;Br.-Bl. in Br.-Bl. et Jenny 1926;VRB;      Androsacion vandellii
Asplenio-Primuletum hirsutae;Br.-Bl. in Meier et Br.-Bl. 1934;ASS;        Asplenio-Primuletum hirsutae
Parietarietalia judaicae;Rivas-Martínez ex Br.-Bl. 1963 corr. Oberdorfer 1977;ORD;    Parietarietalia judaicae
Cymbalario-Asplenion;Segal 1969;VRB;      Cymbalario-Asplenion
Parietaria judaica-Gesellschaft;;ASS;        Parietaria judaica-Gesellschaft
Cymbalaria muralis-Gesellschaft;;ASS;        Cymbalaria muralis-Gesellschaft
Pseudofumaria lutea-Gesellschaft;;ASS;        Pseudofumaria lutea-Gesellschaft
Thlaspietea rotundifolii;Br.-Bl. 1948;KLA;  Thlaspietea rotundifolii
Androsacetalia alpinae;Br.-Bl. in Br.-Bl. et Jenny 1926;ORD;    Androsacetalia alpinae
Androsacion alpinae;Br.-Bl. in Br.-Bl. et Jenny 1926;VRB;      Androsacion alpinae
Sieversio-Oxyrietum;Friedel 1956;ASS;        Sieversio-Oxyrietum
Drabetalia hoppeanae;Zollitsch 1966;ORD;    Drabetalia hoppeanae
Drabion hoppeanae;Zollitsch 1966;VRB;      Drabion hoppeanae
Drabetum hoppeanae;Friedel 1956;ASS;        Drabetum hoppeanae
Saxifragetum biflorae;Zollitsch 1966;ASS;        Saxifragetum biflorae
Herniarietum alpinae;Zollitsch 1968;ASS;        Herniarietum alpinae
Campanulo ceniseae-Saxifragetum oppositifoliae;Oberd. ex Zollitsch 1968;ASS;        Campanulo ceniseae-Saxifragetum oppositifoliae
Thlaspietalia rotundifolii;Br.-Bl. in Br.-Bl. et Jenny 1926;ORD;    Thlaspietalia rotundifolii
Thlaspion rotundifolii;Jenny-Lips 1930;VRB;      Thlaspion rotundifolii
Thlaspietum rotundifolii;Jenny-Lips 1930;ASS;        Thlaspietum rotundifolii
Crepidetum terglouensis;Seibert 1977;ASS;        Crepidetum terglouensis
Leontodontetum montani;Jenny-Lips 1930;ASS;        Leontodontetum montani
Petasition paradoxi;Zollitsch ex Lippert 1966;VRB;      Petasition paradoxi
Moehringio-Gymnocarpietum robertiani;(Jenny-Lips 1930) Lippert 1966;ASS;        Moehringio-Gymnocarpietum robertiani
Petasitetum paradoxi;Beger 1922;ASS;        Petasitetum paradoxi
Athamanto-Trisetetum distichophylli;(Jenny-Lips 1930) Lippert 1966;ASS;        Athamanto-Trisetetum distichophylli
Dryopteridetum villarii;Jenny-Lips 1930;ASS;        Dryopteridetum villarii
Anthyllido-Leontodentetum hyoseroidis;Zoller 1951;ASS;        Anthyllido-Leontodentetum hyoseroidis
Cystopteridetum montanae;Richard 1972;ASS;        Cystopteridetum montanae
Polystichum lonchitis-Gesellschaft;;ASS;        Polystichum lonchitis-Gesellschaft
Adenostyles glabra-Gesellschaft;;ASS;        Adenostyles glabra-Gesellschaft
Petasites albus-Gesellschaft;;ASS;        Petasites albus-Gesellschaft
Epilobietalia fleischeri;Moor 1958;ORD;    Epilobietalia fleischeri
Salicion incanae;Aichinger 1933;VRB;      Salicion incanae
Myricario-Chondrilletum chondrilloidis;Br.-Bl. in Volk 1940;ASS;        Myricario-Chondrilletum chondrilloidis
Calamagrostietum pseudophragmitis;Kopecký 1968;ASS;        Calamagrostietum pseudophragmitis
Epilobio-Scrophularietum caninae;Br.-Bl. et Koch ex Th. Müller 1974;ASS;        Epilobio-Scrophularietum caninae
Epilobietum fleischeri;Frey 1922;ASS;        Epilobietum fleischeri
Galio-Parietarietalia officinalis;Boscaiu et al. 1966;ORD;    Galio-Parietarietalia officinalis
Stipion calamagrostis;Jenny-Lips ex Br.-Bl. et al. 1952;VRB;      Stipion calamagrostis
Stipetum calamagrostis;Br.-Bl. 1918;ASS;        Stipetum calamagrostis
Gymnocarpietum robertiani;Kuhn 1937;ASS;        Gymnocarpietum robertiani
Rumicetum scutati;Faber 1936;ASS;        Rumicetum scutati
Galeopsietum angustifoliae;(Büker 1942) Bornkamm 1960;ASS;        Galeopsietum angustifoliae
Vincetoxicum hirundinaria-Gesellschaft;;ASS;        Vincetoxicum hirundinaria-Gesellschaft
Galeopsietalia segetum;Oberd. et Seibert in Oberd. 1977;ORD;    Galeopsietalia segetum
Galeopsion segetum;Oberd. 1957;VRB;      Galeopsion segetum
Epilobio lanceolati-Galeopsietum segetum;Büker 1942;ASS;        Epilobio lanceolati-Galeopsietum segetum
Anarrhinetum bellidifolii;(Korneck 1974) Seibert in Oberd. 1977;ASS;        Anarrhinetum bellidifolii
Teucrio botryos-Senecionetum viscosi;(Kersberg 1968) Korneck 1974;ASS;        Teucrio botryos-Senecionetum viscosi
Epilobium lanceolatum-Galeopsis ladanum-Gesellschaft;;ASS;        Epilobium lanceolatum-Galeopsis ladanum-Gesellschaft
Arabidetalia caeruleae;Rübel ex Br.-Bl. 1948;ORD;    Arabidetalia caeruleae
Arabidion caeruleae;Br.-Bl. in Br.-Bl. et Jenny 1926;VRB;      Arabidion caeruleae
Salicetum retuso-reticulatae;Br.-Bl. in Br.-Bl. et Jenny 1926;ASS;        Salicetum retuso-reticulatae
Arabidetum caeruleae;Br.-Bl. 1918;ASS;        Arabidetum caeruleae
Arabido-Rumicetum nivalis;(Jenny-Lips 1930) Oberd. 1957 nom. invers. propos.;ASS;        Arabido-Rumicetum nivalis
Soldanella pusilla-Homogyne discolor-Gesellschaft;;ASS;        Soldanella pusilla-Homogyne discolor-Gesellschaft
III. Therophytenreiche Pioniervegetation (mit Ausnahme des unmittelbaren Küstenbereiches);;FOR;III. Therophytenreiche Pioniervegetation (mit Ausnahme des unmittelbaren Küstenbereiches)
Stellarietea mediae;Tx. et al. ex von Rochow 1951;KLA;  Stellarietea mediae
Secalietalia;Br.-Bl. 1936;ORD;    Secalietalia
Veronico-Euphorbion;Sissingh ex Passarge 1964;VRB;      Veronico-Euphorbion
Mercurialetum annuae;Kruseman et Vlieger 1939;ASS;        Mercurialetum annuae
Thlaspio-Fumarietum officinalis;Görs in Oberd. et al. 1967 ex Passarge et Jurko 1975;ASS;        Thlaspio-Fumarietum officinalis
Geranio-Allietum vinealis;Tx. ex von Rochow 1951;ASS;        Geranio-Allietum vinealis
Caucalidion platycarpi;Tx. ex von Rochow 1951;VRB;      Caucalidion platycarpi
Caucalido daucoidis-Scandicetum pecten-veneris;Tx. 1937;ASS;        Caucalido daucoidis-Scandicetum pecten-veneris
Euphorbio exiguae-Melandrietum noctiflori;G. Müller 1964;ASS;        Euphorbio exiguae-Melandrietum noctiflori
Kickxietum spuriae;Kruseman et Vlieger 1939;ASS;        Kickxietum spuriae
Adonido-Iberidetum amarae;(Allorge 1922) Tx. 1950 nom. invalid.;ASS;        Adonido-Iberidetum amarae
Aperetalia spicae-venti;J. Tx. et R. Tx. in Malato-Beliz et al. 1960;ORD;    Aperetalia spicae-venti
Aphanion arvensis;J. Tx. et R. Tx. in Malato-Beliz et al. 1960;VRB;      Aphanion arvensis
Sclerantho-Arnoseridetum minimae;Tx. 1937;ASS;        Sclerantho-Arnoseridetum minimae
Papaveretum argemones;Kruseman et Vlieger 1939;ASS;        Papaveretum argemones
Aphano-Matricarietum chamomillae;Tx. 1937 nom. mutat. propos.;ASS;        Aphano-Matricarietum chamomillae
Myosuro-Alopecuretum;Nezadal 1972;ZEH;          Myosuro-Alopecuretum
Holco-Galeopsietum;Hilbig 1967;ASS;        Holco-Galeopsietum
Galeopsis segetum-Scleranthus annuus-Gesellschaft;;ASS;        Galeopsis segetum-Scleranthus annuus-Gesellschaft
Panico-Setarion;Sissingh in Westhoff et al. 1946;VRB;      Panico-Setarion
Spergulo-Chrysanthemetum segetum;Br.-Bl. et De Leeuw ex Tx. 1937;ASS;        Spergulo-Chrysanthemetum segetum
Setario-Galinsogetum parviflorae;Tx. 1950 nom. invalid.;ASS;        Setario-Galinsogetum parviflorae
Digitarietum ischaemi;Tx. 1950 nom. invalid. et nom. mutat. propos.;ASS;        Digitarietum ischaemi
Spergulo-Oxalidion;Görs in Oberd. et al. 1967 nom. invalid.;VRB;      Spergulo-Oxalidion
Chenopodio-Oxalidetum fontanae;Sissingh 1950 nom. conserv. propos.;ASS;        Chenopodio-Oxalidetum fontanae
Lolio remoti-Linetalia;J. Tx. et R. Tx. in Lohmeyer et al. 1962;ORD;    Lolio remoti-Linetalia
Lolio remoti-Linion;Tx. 1950 nom. invalid.;VRB;      Lolio remoti-Linion
Sileno linicolae-Linetum;Tx. ex Oberd. 1957;ASS;        Sileno linicolae-Linetum
Eragrostietalia;J. Tx. ex Poli 1966;ORD;    Eragrostietalia
Eragrostion minoris;Tx. in Slavnic 1944;VRB;      Eragrostion minoris
Digitario-Eragrostietum;Tx. ex von Rochow 1951;ASS;        Digitario-Eragrostietum
Sisymbrietea;Korneck 1974;KLA;  Sisymbrietea
Sisymbrietalia;J. Tx. ex Görs 1966 nom. conserv. propos.;ORD;    Sisymbrietalia
Sisymbrion officinalis;Tx. et al. ex von Rochow 1951 nom. conserv. propos.;VRB;      Sisymbrion officinalis
Sisymbrion officinalis-Basalgesellschaft;;ASS;        Sisymbrion officinalis-Basalgesellschaft
Hordeetum murini;Libbert 1932;ASS;        Hordeetum murini
Hyoscyamo nigri-Malvetum neglectae;Aichinger 1933;ASS;        Hyoscyamo nigri-Malvetum neglectae
Malvo neglectae-Chenopodietum vulvariae;Gutte 1966;ASS;        Malvo neglectae-Chenopodietum vulvariae
Malvetum pusillae;Morariu 1943;ASS;        Malvetum pusillae
Erigeronto-Lactucetum serriolae;Lohmeyer in Oberd. 1957;ASS;        Erigeronto-Lactucetum serriolae
Sisymbrietum sophiae;Kreh 1935;ASS;        Sisymbrietum sophiae
Elymo repentis-Sisymbrietum loeselii;Mucina 1993;ZEH;          Elymo repentis-Sisymbrietum loeselii
Chenopodietum stricti;(Oberd. 1957) Passarge 1964;ASS;        Chenopodietum stricti
Sisymbrio-Atriplicetum nitentis;Oberd. ex Mahn et R. Schubert 1962;ASS;        Sisymbrio-Atriplicetum nitentis
Sisymbrio-Atriplicetum oblongifoliae;Oberd. 1957;ASS;        Sisymbrio-Atriplicetum oblongifoliae
Sisymbrio-Asperuginetum;Rebholz 1931;ASS;        Sisymbrio-Asperuginetum
Lappulo deflexae-Chenopodietum foliosi;Bernátová 1986;ASS;        Lappulo deflexae-Chenopodietum foliosi
Cynodonto-Atriplicetum tataricae;Morariu 1943;ASS;        Cynodonto-Atriplicetum tataricae
Chenopodion muralis;Br.-Bl. 1931;VRB;      Chenopodion muralis
Chenopodietum muralis;Br.-Bl. et Maire 1924;ASS;        Chenopodietum muralis
Salsolion ruthenicae;Philippi 1971;VRB;      Salsolion ruthenicae
Salsolion ruthenicae-Basalgesellschaft;;ASS;        Salsolion ruthenicae-Basalgesellschaft
Bromo tectorum-Corispermetum leptopteri;Sissingh et Westhoff ex Sissingh 1950 corr. Dengler 2000;ASS;        Bromo tectorum-Corispermetum leptopteri
Plantagini indicae-Senecionetum viscosi;Eliác 1986;ASS;        Plantagini indicae-Senecionetum viscosi
Kochietum densiflorae;Gutte et Klotz 1985;ASS;        Kochietum densiflorae
Bidentetea tripartitae;Tx. et al. ex von Rochow 1951;KLA;  Bidentetea tripartitae
Bidentetea tripartitae-Basalgesellschaft;;ASS;        Bidentetea tripartitae-Basalgesellschaft
Bidentetalia tripartitae;Br.-Bl. et Tx. ex Klika et Hadac 1944;ORD;    Bidentetalia tripartitae
Bidention tripartitae;Nordhagen 1940;VRB;      Bidention tripartitae
Bidention tripartitae-Basalgesellschaft;;ASS;        Bidention tripartitae-Basalgesellschaft
Bidenti-Polygonetum hydropiperis;Lohmeyer in Tx. 1950 nom. invalid.;ASS;        Bidenti-Polygonetum hydropiperis
Bidentetum cernuae;(Kobendza 1948) Slavnic 1951;ASS;        Bidentetum cernuae
Rumici-Alopecuretum aequalis;Cîrtu 1972;ASS;        Rumici-Alopecuretum aequalis
Bidenti-Ranunculetum scelerati;(Miljan 1933) Tx. 1978;ASS;        Bidenti-Ranunculetum scelerati
Rumicetum maritimi;Sissingh ex Tx. 1950 nom. invalid.;ASS;        Rumicetum maritimi
Rumicetum palustris;(Timár 1950) W. Fischer 1978;ASS;        Rumicetum palustris
Senecionetum tubicaulis;Burrichter 1970;ASS;        Senecionetum tubicaulis
Chenopodion glauci;Hejný 1974;VRB;      Chenopodion glauci
Chenopodion glauci-Basalgesellschaft;;ASS;        Chenopodion glauci-Basalgesellschaft
Atriplex prostrata-Gesellschaft;;ZEH;          Atriplex prostrata-Gesellschaft
Chenopodietum rubri;Timár 1947;ASS;        Chenopodietum rubri
Chenopodio rubri-Polygonetum brittingeri;Lohmeyer 1950;ASS;        Chenopodio rubri-Polygonetum brittingeri
Xanthio albini-Chenopodietum rubri;Lohmeyer et Walther in Lohmeyer 1950;ASS;        Xanthio albini-Chenopodietum rubri
Rorippo-Corrigioletum littoralis;Malcuit 1929;ASS;        Rorippo-Corrigioletum littoralis
Isoëto-Nanojuncetea;Br.-Bl. et Tx. ex Westhoff et al. 1946;KLA;  Isoëto-Nanojuncetea
Isoëto-Nanojuncetea-Basalgesellschaft;;ASS;        Isoëto-Nanojuncetea-Basalgesellschaft
Juncus bufonius-Gesellschaft;;ZEH;          Juncus bufonius-Gesellschaft
Elatine hexandra-Gesellschaft;;ZEH;          Elatine hexandra-Gesellschaft
Juncus capitatus-Gesellschaft;;ZEH;          Juncus capitatus-Gesellschaft
Centaurium pulchellum-Gesellschaft;;ZEH;          Centaurium pulchellum-Gesellschaft
Nanocyperetalia;Klika 1935;ORD;    Nanocyperetalia
Peplis portula-Gesellschaft;;ASS;        Peplis portula-Gesellschaft
Elatino-Eleocharition ovatae;(Pietsch et Müller-Stoll 1968) Pietsch 1973;VRB;      Elatino-Eleocharition ovatae
Cyperus fuscus-Gesellschaft;;ASS;        Cyperus fuscus-Gesellschaft
Elatine triandra-Elatine hydropiper-Gesellschaft;;ASS;        Elatine triandra-Elatine hydropiper-Gesellschaft
Eleocharito-Caricetum bohemicae;Klika 1935;ASS;        Eleocharito-Caricetum bohemicae
Cypero fusci-Limoselletum aquaticae;(Oberd. 1957) Korneck 1960;ASS;        Cypero fusci-Limoselletum aquaticae
Elatino alsinastri-Juncetum tenageiae;Libbert ex Fischer 1973;ASS;        Elatino alsinastri-Juncetum tenageiae
Radiolion linoidis;(Rivas-Goday 1961) Pietsch 1973;VRB;      Radiolion linoidis
Cicendietum filiformis;Allorge 1922;ASS;        Cicendietum filiformis
Spergulario-Illecebretum verticillati;(Diémont et al. 1940) Sissingh 1957;ASS;        Spergulario-Illecebretum verticillati
Junco bufonii-Gypsophiletum muralis;(Ambroz 1939) Pietsch 1996;ASS;        Junco bufonii-Gypsophiletum muralis
Centunculo-Anthocerotetum punctati;Koch ex Libbert 1932;ASS;        Centunculo-Anthocerotetum punctati
Stellario uliginosae-Isolepidetum setaceae;Libbert 1932;ASS;        Stellario uliginosae-Isolepidetum setaceae
Cyperetum flavescentis;W. Koch 1926;ASS;        Cyperetum flavescentis
Veronico anagalloides-Lythretum hyssopifoliae;Wagner ex Holzner 1973;ASS;        Veronico anagalloides-Lythretum hyssopifoliae
Centaurium pulchellum-Blackstonia acuminata-Gesellschaft;;ASS;        Centaurium pulchellum-Blackstonia acuminata-Gesellschaft
IV. Eutraphente Röhrichte und Großseggenriede;;FOR;IV. Eutraphente Röhrichte und Großseggenriede
Phragmito-Magnocaricetea;Klika in Klika et Novák 1941;KLA;  Phragmito-Magnocaricetea
Phragmitetalia australis;W. Koch 1926;ORD;    Phragmitetalia australis
Phragmition australis;W. Koch 1926;VRB;      Phragmition australis
Schoenoplecto-Phragmitetum;W. Koch 1926 nom. mutat. propos.;ASS;        Schoenoplecto-Phragmitetum
Scirpetum lacustris;Chouard 1924;ZEH;          Scirpetum lacustris
Phragmitetum australis;Schmale 1939;ZEH;          Phragmitetum australis
Typhetum angustifoliae;(Allorge 1922) Pignatti 1953;ZEH;          Typhetum angustifoliae
Typhetum latifoliae;(Soó 1927) Nowinski 1930;ZEH;          Typhetum latifoliae
Glycerietum maximae;Hueck 1931;ASS;        Glycerietum maximae
Glycerio-Sparganietum neglecti;Br.-Bl. 1925;ASS;        Glycerio-Sparganietum neglecti
Sparganietum erecti;Roll 1938;ASS;        Sparganietum erecti
Cicuto-Caricetum pseudocyperi;Boer et Sissingh in Boer 1942;ASS;        Cicuto-Caricetum pseudocyperi
Equisetum fluviatile-Gesellschaft;;ASS;        Equisetum fluviatile-Gesellschaft
Sium latifolium-Gesellschaft;;ASS;        Sium latifolium-Gesellschaft
Eleocharis palustris-Gesellschaft;;ASS;        Eleocharis palustris-Gesellschaft
Schoenoplectus tabaernaemontani-Gesellschaft;;ASS;        Schoenoplectus tabaernaemontani-Gesellschaft
Acoretum calami;Schulz 1941;ASS;        Acoretum calami
Butometum umbellati;Konczak 1968;ASS;        Butometum umbellati
Sagittario-Sparganietum emersi;Tx. 1953;ASS;        Sagittario-Sparganietum emersi
Oenantho-Rorippetum amphibiae;Lohmeyer 1950;ASS;        Oenantho-Rorippetum amphibiae
Scirpetum radicantis;Hejný in Hejný et Husák 1978;ASS;        Scirpetum radicantis
Equiseto-Typhetum minimae;Br.-Bl. in Volk 1940;ASS;        Equiseto-Typhetum minimae
Eleocharis mamillata-Gesellschaft;;ASS;        Eleocharis mamillata-Gesellschaft
Alisma plantago-aquatica-Gesellschaft;;ASS;        Alisma plantago-aquatica-Gesellschaft
Alismetum lanceolatae;Zahlheimer 1979;ASS;        Alismetum lanceolatae
Alisma gramineum-Gesellschaft;;ASS;        Alisma gramineum-Gesellschaft
Magnocaricion elatae;W. Koch 1926;VRB;      Magnocaricion elatae
Magnocaricion elatae-Basalgesellschaft;;ASS;        Magnocaricion elatae-Basalgesellschaft
Caricetum elatae;W. Koch 1926;ASS;        Caricetum elatae
Caricetum paniculatae;Wangerin ex von Rochow 1951;ASS;        Caricetum paniculatae
Galio palustris-Caricetum ripariae;Balátová-Tulácková et al. 1993;ASS;        Galio palustris-Caricetum ripariae
Carex randalpina / x oenensis-Gesellschaft;;ASS;        Carex randalpina / x oenensis-Gesellschaft
Caricetum vesicariae;Chouard 1924;ASS;        Caricetum vesicariae
Caricetum gracilis;Almquist 1929;ASS;        Caricetum gracilis
Caricetum vulpinae;Soó 1927;ASS;        Caricetum vulpinae
Caricetum buekii;Hejný et Kopecký 1965;ASS;        Caricetum buekii
Calamagrostis canescens-Gesellschaft;;ASS;        Calamagrostis canescens-Gesellschaft
Carex acutiformis-Gesellschaft;;ASS;        Carex acutiformis-Gesellschaft
Cladietum marisci;Allorge 1922;ASS;        Cladietum marisci
Phalaridetum arundinaceae;Libbert 1931;ASS;        Phalaridetum arundinaceae
Glycerio-Sparganion;Br.-Bl. et Sissingh in Boer 1942;VRB;      Glycerio-Sparganion
Glycerio-Sparganion-Basalgesellschaft;;ASS;        Glycerio-Sparganion-Basalgesellschaft
Berula erecta-Gesellschaft;;ZEH;          Berula erecta-Gesellschaft
Glycerietum fluitantis;Eggler 1933;ASS;        Glycerietum fluitantis
Glycerietum plicatae;Kulczynski 1928;ASS;        Glycerietum plicatae
Apietum nodiflori;Br.-Bl. ex Boer 1942;ASS;        Apietum nodiflori
Nasturtietum officinalis;Seibert 1962;ASS;        Nasturtietum officinalis
Nasturtietum microphylli;Philippi 1973;ASS;        Nasturtietum microphylli
Leersietum oryzoidis;Eggler 1933;ASS;        Leersietum oryzoidis
Catabrosetum aquaticae;Lang 1967;ASS;        Catabrosetum aquaticae
Glycerietum nemorali-plicatae;Kopecký 1972;ASS;        Glycerietum nemorali-plicatae
Veronica beccabunga-Gesellschaft;;ASS;        Veronica beccabunga-Gesellschaft
Molinio-Arrhenatheretea;Tx. 1937;KLA;  Molinio-Arrhenatheretea
Molinio-Arrhenatheretea-Basalgesellschaft;;ASS;        Molinio-Arrhenatheretea-Basalgesellschaft
Molinietalia caeruleae;W. Koch 1926;ORD;    Molinietalia caeruleae
Sanguisorba officinalis-Silaum silaus-Gesellschaft;;ASS;        Sanguisorba officinalis-Silaum silaus-Gesellschaft
Calthion;Tx. 1937;VRB;      Calthion
Calthion-Basalgesellschaft;;ASS;        Calthion-Basalgesellschaft
Calthion-Basalgesellschaft, artenarme Dominanzbestände;;ZEH;          Calthion-Basalgesellschaft, artenarme Dominanzbestände
Calthion-Basalgesellschaft, artenreiche Bestände;;ZEH;          Calthion-Basalgesellschaft, artenreiche Bestände
Carex cespitosa-Gesellschaft;;ZEH;          Carex cespitosa-Gesellschaft
Crepis paludosa-Juncus acutiflorus-Gesellschaft;;ASS;        Crepis paludosa-Juncus acutiflorus-Gesellschaft
Succisa pratensis-Juncus conglomeratus-Gesellschaft;;ASS;        Succisa pratensis-Juncus conglomeratus-Gesellschaft
Bromo-Senecionetum aquatici;Lenski 1953;ASS;        Bromo-Senecionetum aquatici
Cirsietum rivularis;Nowinski 1927;ZEH;          Cirsietum rivularis
Filipendulion ulmariae;Segal ex Lohmeyer in Oberd. et al. 1967 nom. invalid.;VRB;      Filipendulion ulmariae
Geranio sylvatici-Chaerophylletum hirsuti;Kästner 1938;ASS;        Geranio sylvatici-Chaerophylletum hirsuti
Filipendulo-Geranietum palustris;W. Koch 1926;ASS;        Filipendulo-Geranietum palustris
Valeriano-Polemonietum caerulei;Rosskopf 1971;ZEH;          Valeriano-Polemonietum caerulei
Molinion caeruleae;W. Koch 1926;VRB;      Molinion caeruleae
Molinietum caeruleae;W. Koch 1926;ASS;        Molinietum caeruleae
Cirsio tuberosi-Molinietum arundinaceae;Oberd. et Philippi ex Görs 1974;ZEH;          Cirsio tuberosi-Molinietum arundinaceae
Allio suaveolentis-Molinietum caeruleae;Görs in Oberd. ex Oberd. 1983;ZEH;          Allio suaveolentis-Molinietum caeruleae
Cnidion dubii;Balátová-Tulácková 1966;VRB;      Cnidion dubii
Cnidio-Deschampsietum cespitosae;Hundt ex Passarge 1960;ASS;        Cnidio-Deschampsietum cespitosae
Violo-Cnidietum;Walther in Tx. 1955 ex Philippi 1960;ZEH;          Violo-Cnidietum
Arrhenatheretalia;Tx. 1931;ORD;    Arrhenatheretalia
Arrhenatheretalia-Basalgesellschaft;;ASS;        Arrhenatheretalia-Basalgesellschaft
Poa pratensis-Trisetum flavescens-Gesellschaft;;ZEH;          Poa pratensis-Trisetum flavescens-Gesellschaft
Galium album-Alopecurus pratensis-Gesellschaft;;ZEH;          Galium album-Alopecurus pratensis-Gesellschaft
Festuca rubra-Agrostis capillaris-Gesellschaft;;ASS;        Festuca rubra-Agrostis capillaris-Gesellschaft
Arrhenatherion elatioris;W. Koch 1926;VRB;      Arrhenatherion elatioris
Arrhenatheretum elatioris;Braun 1915;ASS;        Arrhenatheretum elatioris
Arrhenatheretum elatioris, Ausbildungen von Standorten niedriger Trophiestufe;;ZEH;          Arrhenatheretum elatioris, Ausbildungen von Standorten niedriger Trophiestufe
Arrhenatheretum elatioris, Ausbildungen von Standorten hoher Trophiestufe;;ZEH;          Arrhenatheretum elatioris, Ausbildungen von Standorten hoher Trophiestufe
Arrhenatheretum elatioris, Ausbildungen ruderaler Standorte;;ZEH;          Arrhenatheretum elatioris, Ausbildungen ruderaler Standorte
Leucanthemum vulgare-Rumex thyrsiflorus-Gesellschaft;(sensu Walther (in Tx. 1955) ex Walther 1977);ZEH;          Leucanthemum vulgare-Rumex thyrsiflorus-Gesellschaft
Filipendula vulgaris-Ranunculus polyanthemos-Gesellschaft;;ASS;        Filipendula vulgaris-Ranunculus polyanthemos-Gesellschaft
Polygono-Trisetion;Br.-Bl. et Tx. ex Marschall 1947 nom. invers. propos.;VRB;      Polygono-Trisetion
Geranio sylvatici-Trisetetum;R. Knapp ex Oberd. 1957;ASS;        Geranio sylvatici-Trisetetum
Astrantio-Trisetetum;G. Knapp et R. Knapp 1952 nom. prov.;ZEH;          Astrantio-Trisetetum
Festuca rubra-Meum athamanticum-Gesellschaft;;ASS;        Festuca rubra-Meum athamanticum-Gesellschaft
Cynosurion cristati;Tx. 1947;VRB;      Cynosurion cristati
Lolio perennis-Cynosuretum cristati;Tx. 1937;ASS;        Lolio perennis-Cynosuretum cristati
Lolio perennis-Cynosuretum cristati, Bestände von Standorten hoher Trophiestufe;;ZEH;          Lolio perennis-Cynosuretum cristati, Bestände von Standorten hoher Trophiestufe
Lolio perennis-Cynosuretum cristati, Bestände von Standorten niedr. Trophiestufe;;ZEH;          Lolio perennis-Cynosuretum cristati, Bestände von Standorten niedr. Trophiestufe
Crepis capillaris-Festuca rubra-Gesellschaft;;ASS;        Crepis capillaris-Festuca rubra-Gesellschaft
Poion alpinae;Oberd. 1950;VRB;      Poion alpinae
Crepido aureae-Festucetum commutatae;Lüdi 1948;ASS;        Crepido aureae-Festucetum commutatae
Trifolio-Festucetum violaceae;Br.-Bl. in Br.-Bl. et Jenny 1926;ASS;        Trifolio-Festucetum violaceae
Potentillo-Polygonetalia;Tx. 1947;ORD;    Potentillo-Polygonetalia
Potentillion anserinae;Tx. 1947;VRB;      Potentillion anserinae
Potentillion anserinae-Basalgesellschaft;;ASS;        Potentillion anserinae-Basalgesellschaft
Cotula coronopifolia-Gesellschaft;;ZEH;          Cotula coronopifolia-Gesellschaft
Juncus anceps-Agrostis maritima-Gesellschaft;;ZEH;          Juncus anceps-Agrostis maritima-Gesellschaft
Holoschoenetum;Br.-Bl. 1931;ZEH;          Holoschoenetum
Ranunculo-Alopecuretum geniculati;Tx. 1937;ASS;        Ranunculo-Alopecuretum geniculati
Trifolio fragiferi-Agrostietum stoloniferae;Sykora 1982 nom. invers. propos.;ZEH;          Trifolio fragiferi-Agrostietum stoloniferae
Agropyro-Rorippetum austriacae;(Timár 1947) Tx. 1950 nom. invalid.;ZEH;          Agropyro-Rorippetum austriacae
Potentillo-Festucetum arundinaceae;Nordhagen 1940;ASS;        Potentillo-Festucetum arundinaceae
Junco compressi-Trifolietum repentis;Eggler 1933;ASS;        Junco compressi-Trifolietum repentis
Junco inflexi-Menthetum longifoliae;Lohmeyer 1953;ASS;        Junco inflexi-Menthetum longifoliae
Potentillo-Deschampsietum mediae;Oberd. 1957;ASS;        Potentillo-Deschampsietum mediae
Violetea calaminariae;Tx. in Lohmeyer et al. 1962 nom. invalid.;KLA;  Violetea calaminariae
Violetalia calaminariae;Br.-Bl. et Tx. 1943 nom. invalid.;ORD;    Violetalia calaminariae
Thlaspion calaminariae;Ernst 1965;VRB;      Thlaspion calaminariae
Violetum calaminariae;Schwickerath 1931;ASS;        Violetum calaminariae
Minuartio-Thlaspietum alpestris;Karl Koch 1932;ASS;        Minuartio-Thlaspietum alpestris
Armerion halleri;Ernst 1965;VRB;      Armerion halleri
Armerietum halleri;Libbert 1930;ASS;        Armerietum halleri
Armerietum halleri s.str.;Libbert 1930;ZEH;          Armerietum halleri s.str.
Armerietum bottendorfensis;R. Schubert 1953;ZEH;          Armerietum bottendorfensis
Armerietum hornburgensis;R. Schubert 1974;ZEH;          Armerietum hornburgensis
Koelerio-Corynephoretea;Klika in Klika et Novák 1941;KLA;  Koelerio-Corynephoretea
Corynephoretalia canescentis;Klika 1934;ORD;    Corynephoretalia canescentis
Corynephorion canescentis;Klika 1931;VRB;      Corynephorion canescentis
Corniculario aculeatae-Corynephoretum canescentis;Steffen 1931 nom. invers. propos.;ASS;        Corniculario aculeatae-Corynephoretum canescentis
Spergulo-Corynephoretum;Libbert 1933;ZEH;          Spergulo-Corynephoretum
Violo dunensis-Corynephoretum canescentis;(Westhoff 1947) Boerboom 1960;ZEH;          Violo dunensis-Corynephoretum canescentis
Festuco pallentis-Corynephoretum;R. Schubert 1974 nom. illegit.;ZEH;          Festuco pallentis-Corynephoretum
Agrostietum vinealis;Kobendza 1930 corr. Kratzert et Dengler 1999;ASS;        Agrostietum vinealis
Carex arenaria-Gesellschaft;;ASS;        Carex arenaria-Gesellschaft
Artemisio-Koelerietalia albescentis;Sissingh 1974;ORD;    Artemisio-Koelerietalia albescentis
Koelerion albescentis;Tx. 1937;VRB;      Koelerion albescentis
Tortulo ruraliformis-Phleetum arenarii;Br.-Bl. et De Leeuw 1936;ASS;        Tortulo ruraliformis-Phleetum arenarii
Thero-Airetalia;Rivas Goday 1964;ORD;    Thero-Airetalia
Thero-Airion;Tx. ex Oberdorfer 1957;VRB;      Thero-Airion
Airetum praecocis;Krausch 1967;ASS;        Airetum praecocis
Airo caryophylleae-Festucetum ovinae;Tx. ex Korneck 1974;ASS;        Airo caryophylleae-Festucetum ovinae
Filagini-Vulpietum bromoidis;Oberdorfer 1938 nom. mutat. propos.;ASS;        Filagini-Vulpietum bromoidis
Vulpietum myuri;Philippi 1973;ASS;        Vulpietum myuri
Narduretum lachenalii;Korneck 1975;ASS;        Narduretum lachenalii
Tuberaria guttata-Gesellschaft;;ASS;        Tuberaria guttata-Gesellschaft
Festuco-Sedetalia acris;Tx. 1951;ORD;    Festuco-Sedetalia acris
Helichrysum arenarium-Jasione montana-Gesellschaft;;ASS;        Helichrysum arenarium-Jasione montana-Gesellschaft
Plantagini-Festucion;Passarge 1964;VRB;      Plantagini-Festucion
Galium verum-Festuca filiformis-Gesellschaft;;ASS;        Galium verum-Festuca filiformis-Gesellschaft
Pimpinella saxifraga-Festuca ovina-Gesellschaft;;ASS;        Pimpinella saxifraga-Festuca ovina-Gesellschaft
Diantho deltoidis-Armerietum elongatae;Pötsch 1962 nom. conserv. propos.;ASS;        Diantho deltoidis-Armerietum elongatae
Sileno otitae-Festucetum brevipilae;Libbert 1933 corr. Kratzert et Dengler 1999 nom. invers. propos.;ASS;        Sileno otitae-Festucetum brevipilae
Sileno conicae-Cerastion semidecandri;Korneck 1974;VRB;      Sileno conicae-Cerastion semidecandri
Bromo tectorum-Phleetum arenarii;Korneck 1974;ASS;        Bromo tectorum-Phleetum arenarii
Sileno conicae-Cerastietum semidecandri;Korneck 1974;ASS;        Sileno conicae-Cerastietum semidecandri
Koelerion glaucae;Volk 1931;VRB;      Koelerion glaucae
Festucetum polesicae;Regel 1928;ASS;        Festucetum polesicae
Jurineo cyanoidis-Koelerietum glaucae;Volk 1931 nom. invers. propos.;ASS;        Jurineo cyanoidis-Koelerietum glaucae
Festuco psammophilae-Koelerietum glaucae;Klika 1931;ASS;        Festuco psammophilae-Koelerietum glaucae
Sedo-Scleranthetalia;Br.-Bl. 1955;ORD;    Sedo-Scleranthetalia
Sedo-Scleranthion biennis;Br.-Bl. 1955;VRB;      Sedo-Scleranthion biennis
Sileno rupestris-Sedetum annui;Oberd. 1957;ASS;        Sileno rupestris-Sedetum annui
Sclerantho-Sempervivetum arachnoidei;Br.-Bl. 1955;ASS;        Sclerantho-Sempervivetum arachnoidei
Sedo albi-Veronicion dillenii;Korneck 1974;VRB;      Sedo albi-Veronicion dillenii
Festuco-Veronicetum dillenii;Oberd. 1957;ASS;        Festuco-Veronicetum dillenii
Festuco-Veronicetum vernae;Oberd. ex Moravec 1967;ASS;        Festuco-Veronicetum vernae
Alysso-Sedion;Oberd. et Th. Müller in Th. Müller 1961;VRB;      Alysso-Sedion
Cerastietum pumili;Oberd. et Th. Müller in Th. Müller 1961;ASS;        Cerastietum pumili
Alysso-Sedetum;Oberd. et Th. Müller in Th. Müller 1961;ASS;        Alysso-Sedetum
Poo badensis-Allietum montani;Gauckler 1957;ASS;        Poo badensis-Allietum montani
Saxifraga tridactylites-Poa compressa-Gesellschaft;;ASS;        Saxifraga tridactylites-Poa compressa-Gesellschaft
Sempervivetum soboliferi;Korneck 1975;ASS;        Sempervivetum soboliferi
Seslerio-Festucion pallentis;Klika 1931 corr. Zolyomi 1966;VRB;      Seslerio-Festucion pallentis
"Thymus-Festuca cinerea""-Gesellschaft""";;ASS;"        Thymus-Festuca cinerea""-Gesellschaft"""
Diantho gratianopolitani-Festucetum pallentis;Gauckler 1938 corr. Korneck 1974 nom. invers. propos.;ASS;        Diantho gratianopolitani-Festucetum pallentis
Artemisio lednicensis-Melicetum ciliatae;Korneck 1974;ASS;        Artemisio lednicensis-Melicetum ciliatae
Teucrio botryos-Melicetum ciliatae;Volk 1937;ASS;        Teucrio botryos-Melicetum ciliatae
"Alyssum montanum-Festuca cinerea""-Gesellschaft""";;ASS;"        Alyssum montanum-Festuca cinerea""-Gesellschaft"""
Allio stricti-Festucetum pannonicae;Knapp 1971 corr. Oberd. 1979;ASS;        Allio stricti-Festucetum pannonicae
Festuco-Brometea;Br.-Bl. et Tx. in Br.-Bl. 1949;KLA;  Festuco-Brometea
Cirsio acaulis-Trifolietum montani;Wollert 1964;ASS;        Cirsio acaulis-Trifolietum montani
Filipendula vulgaris-Helictotrichon pratense-Gesellschaft;;ASS;        Filipendula vulgaris-Helictotrichon pratense-Gesellschaft
Brometalia erecti;W. Koch 1926;ORD;    Brometalia erecti
Hippocrepis comosa-Sesleria albicans-Gesellschaft;;ASS;        Hippocrepis comosa-Sesleria albicans-Gesellschaft
Bromion erecti;Koch 1926;VRB;      Bromion erecti
Brometum;Scherrer 1925;ASS;        Brometum
Gentiano-Koelerietum pyramidatae;Knapp ex Bornkamm 1960 nom. conserv. propos.;ASS;        Gentiano-Koelerietum pyramidatae
Silene viscaria-Helictotrichon pratense-Gesellschaft;;ASS;        Silene viscaria-Helictotrichon pratense-Gesellschaft
Polygalo amarae-Seslerietum;(Tx. 1937) Tx. ex Winterhoff 1965;ASS;        Polygalo amarae-Seslerietum
Carlino-Caricetum sempervirentis;Lutz et Paul 1947;ASS;        Carlino-Caricetum sempervirentis
Koelerio-Phleion phleoidis;Korneck 1974;VRB;      Koelerio-Phleion phleoidis
Genistello-Phleetum phleoidis;Korneck 1974;ASS;        Genistello-Phleetum phleoidis
Xerobromion;(Br.-Bl. et Moor 1938) Moravec in Holub et al. 1967;VRB;      Xerobromion
Xerobrometum;Br.-Bl. 1931 nom. illegit.;ASS;        Xerobrometum
Xerobrometum s.str.;Br.-Bl. 1931 nom. illegit.;ZEH;          Xerobrometum s.str.
Trinio-Caricetum humilis;Volk in Br.-Bl. et Moor 1938;ZEH;          Trinio-Caricetum humilis
Teucrio-Seslerietum;Volk 1937;ZEH;          Teucrio-Seslerietum
Pulsatillo-Caricetum humilis;Gauckler 1938;ASS;        Pulsatillo-Caricetum humilis
Festucetalia valesiacae;Br.-Bl. et Tx. ex Br.-Bl. 1949;ORD;    Festucetalia valesiacae
Festucion valesiacae;Klika 1931;VRB;      Festucion valesiacae
Potentillo arenariae-Stipetum capillatae;(Hueck 1931) Libbert 1933 nom. invers. propos.;ASS;        Potentillo arenariae-Stipetum capillatae
Allio-Stipetum capillatae;Korneck 1974;ASS;        Allio-Stipetum capillatae
Festuco valesiacae-Stipetum capillatae;Sillinger 1931;ASS;        Festuco valesiacae-Stipetum capillatae
Cirsio pannonici-Brachypodion pinnati;Hadac et Klika in Klika et Hadac 1944;VRB;      Cirsio pannonici-Brachypodion pinnati
Adonido vernalis-Brachypodietum pinnati;(Libbert 1933) Krausch 1961;ASS;        Adonido vernalis-Brachypodietum pinnati
Adonido vernalis-Brachypodietum pinnati s.str.;(Libbert 1933) Krausch 1961;ZEH;          Adonido vernalis-Brachypodietum pinnati s.str.
Scorzonero hispanicae-Brachypodietum pinnati;Gauckler 1957;ZEH;          Scorzonero hispanicae-Brachypodietum pinnati
Scorzonera purpurea-Thesium linophyllon-Gesellschaft;;ZEH;          Scorzonera purpurea-Thesium linophyllon-Gesellschaft
Adonis vernalis-Brachypodium rupestre-Gesellschaft;;ZEH;          Adonis vernalis-Brachypodium rupestre-Gesellschaft
Elyno-Seslerietea;Br.-Bl. 1948;KLA;  Elyno-Seslerietea
Seslerietalia coeruleae;Br.-Bl. in Br.-Bl. et Jenny 1926;ORD;    Seslerietalia coeruleae
Seslerietalia coeruleae-Basalgesellschaft;;ASS;        Seslerietalia coeruleae-Basalgesellschaft
Carex mucronata-Gesellschaft;;ZEH;          Carex mucronata-Gesellschaft
Caricion firmae;Gams 1936;VRB;      Caricion firmae
Caricetum firmae;Rübel 1911;ASS;        Caricetum firmae
Seslerion coeruleae;Br.-Bl. in Br.-Bl. et Jenny 1926;VRB;      Seslerion coeruleae
Seslerio-Caricetum sempervirentis;Br.-Bl. in Br.-Bl. et Jenny 1926;ASS;        Seslerio-Caricetum sempervirentis
Valeriano-Seslerietum;Oberd. ex Grabherr et al. 1993;ASS;        Valeriano-Seslerietum
Laserpitio latifolii-Seslerietum;Moor 1957;ZEH;          Laserpitio latifolii-Seslerietum
Genista pilosa-Sesleria varia-Gesellschaft;;ASS;        Genista pilosa-Sesleria varia-Gesellschaft
Caricion ferrugineae;G. Br.-Bl. et J. Br.-Bl. 1931;VRB;      Caricion ferrugineae
Caricion ferrugineae-Basalgesellschaft;;ASS;        Caricion ferrugineae-Basalgesellschaft
Calamagrostis varia-Sesleria albicans-Gesellschaft;;ZEH;          Calamagrostis varia-Sesleria albicans-Gesellschaft
Saxifraga rosacea-Sesleria-Gesellschaft;;ZEH;          Saxifraga rosacea-Sesleria-Gesellschaft
Vicia sylvatica-Dactylis glomerata-Gesellschaft;;ZEH;          Vicia sylvatica-Dactylis glomerata-Gesellschaft
Campanulo scheuchzeri-Festucetum noricae;Isda 1986;ASS;        Campanulo scheuchzeri-Festucetum noricae
Caricetum ferrugineae;Lüdi 1921;ASS;        Caricetum ferrugineae
Origano-Calamagrostietum variae;Lippert ex Thiele 1978;ASS;        Origano-Calamagrostietum variae
Laserpitio-Calamagrostietum variae;(Kuhn 1937, Moor 1957) Th. Müller 1961;ZEH;          Laserpitio-Calamagrostietum variae
Carici rupestris-Kobresietea bellardii;Ohba 1974;KLA;  Carici rupestris-Kobresietea bellardii
Oxytropido-Kobresietalia;Oberd. ex. Albrecht 1969;ORD;    Oxytropido-Kobresietalia
Oxytropido-Elynion;Br.-Bl. 1949;VRB;      Oxytropido-Elynion
Elynetum myosuroidis;Rübel 1911;ASS;        Elynetum myosuroidis
Caricetum rupestris;Pignatti et Pignatti 1985;ASS;        Caricetum rupestris
Agrostis alpina-Gesellschaft;;ASS;        Agrostis alpina-Gesellschaft
Caricetea curvulae;Br.-Bl. 1948 nom. conserv.;KLA;  Caricetea curvulae
Caricetalia curvulae;Br.-Bl. in Br.-Bl. et Jenny 1926;ORD;    Caricetalia curvulae
Oreochloa disticha-Gesellschaft;;ASS;        Oreochloa disticha-Gesellschaft
Juncion trifidi;Krajina 1933;VRB;      Juncion trifidi
Agrostis rupestris-Juncus trifidus-Gesellschaft;;ASS;        Agrostis rupestris-Juncus trifidus-Gesellschaft
Juncus trifidus-Primula minima-Gesellschaft;;ASS;        Juncus trifidus-Primula minima-Gesellschaft
Festucetaliae spadiceae;Barbero 1970;ORD;    Festucetaliae spadiceae
Agrostion schraderianae;Grabherr 1993;VRB;      Agrostion schraderianae
Pediculari recutitae-Agrostietum schraderianae;Grabherr 1993;ASS;        Pediculari recutitae-Agrostietum schraderianae
V. Quell- und Niedermoorgesellschaften, Hochmoorschlenken- und Bulten-Gesellschaften;;FOR;V. Quell- und Niedermoorgesellschaften, Hochmoorschlenken- und Bulten-Gesellschaften
Montio-Cardaminetea;Br.-Bl. et Tx. ex Klika 1948;KLA;  Montio-Cardaminetea
Montio-Cardaminetalia;Pawlowski in Pawlowski et al. 1928;ORD;    Montio-Cardaminetalia
Cardamine amara-Gesellschaft;;ASS;        Cardamine amara-Gesellschaft
Cardamino-Montion;Br.-Bl. 1926;VRB;      Cardamino-Montion
Montio-Bryetum schleicheri;Br.-Bl. 1925;ASS;        Montio-Bryetum schleicheri
Philonotido fontanae-Montietum rivularis;Büker et Tx. in Büker 1942;ASS;        Philonotido fontanae-Montietum rivularis
Chrysosplenietum oppositifoliae;Oberd. et Philippi in Oberd. 1957;ASS;        Chrysosplenietum oppositifoliae
Cardamino-Cratoneuretalia;Maas 1959;ORD;    Cardamino-Cratoneuretalia
Cratoneurion commutati;W. Koch 1928 nom. illegit.;VRB;      Cratoneurion commutati
Cratoneuro-Arabidetum bellidifoliae;W. Koch 1928;ASS;        Cratoneuro-Arabidetum bellidifoliae
Cratoneuretum commutati;Aichinger 1933 nom. illegit.;ASS;        Cratoneuretum commutati
Cochlearia pyrenaica-Gesellschaft;;ASS;        Cochlearia pyrenaica-Gesellschaft
Scheuchzerio-Caricetea fuscae;Tx. 1937;KLA;  Scheuchzerio-Caricetea fuscae
Scheuchzerietalia palustris;Nordhagen 1937;ORD;    Scheuchzerietalia palustris
Eriophorum angustifolium-Sphagnum fallax / cuspidatum-Gesellschaft;;ASS;        Eriophorum angustifolium-Sphagnum fallax / cuspidatum-Gesellschaft
Rhynchosporion albae;W. Koch 1926;VRB;      Rhynchosporion albae
Caricetum limosae;Osvald 1923;ASS;        Caricetum limosae
Sphagno tenelli-Rhynchosporetum albae;Osvald 1923 nom. conserv. propos.;ASS;        Sphagno tenelli-Rhynchosporetum albae
Caricion lasiocarpae;Vanden Berghen in Lebrun et al. 1949;VRB;      Caricion lasiocarpae
Caricion lasiocarpae-Basalgesellschaft;;ASS;        Caricion lasiocarpae-Basalgesellschaft
Caricetum lasiocarpae;Osvald 1923 nom. conserv. propos.;ASS;        Caricetum lasiocarpae
Caricetum diandrae;Osvald 1923 nom. conserv. propos.;ASS;        Caricetum diandrae
Carex heleonastes-Gesellschaft;;ZEH;          Carex heleonastes-Gesellschaft
Drepanoclado-Caricetum chordorrhizae;Osvald 1925 nom. conserv. propos.;ASS;        Drepanoclado-Caricetum chordorrhizae
Angelico-Cirsietum oleracei;Tx. 1937;ASS;        Angelico-Cirsietum oleracei
Scorpidium scorpidioides-Carex elata-Gesellschaft;;ASS;        Scorpidium scorpidioides-Carex elata-Gesellschaft
Sphagno-Caricetum appropinquatae;(Smarda 1948) Rybnicek 1974;ASS;        Sphagno-Caricetum appropinquatae
Lysimachio thyrsiflorae-Caricetum aquatilis;Neumann ex Dierschke 1967;ASS;        Lysimachio thyrsiflorae-Caricetum aquatilis
Caricetalia nigrae;W. Koch 1926 nom. mutat. propos.;ORD;    Caricetalia nigrae
Caricion nigrae;W. Koch 1926 nom. mutat. propos.;VRB;      Caricion nigrae
Eriophoretum scheuchzeri;Fries 1913;ASS;        Eriophoretum scheuchzeri
Caricetum nigrae;Braun 1915 nom. mutat. propos.;ASS;        Caricetum nigrae
Caricetum trinervi-nigrae;Westhoff 1947;ASS;        Caricetum trinervi-nigrae
Parnassio-Caricetum nigrae;Oberd. 1957;ASS;        Parnassio-Caricetum nigrae
Bartsio-Caricetum nigrae;J. Bartsch et M. Bartsch 1940;ASS;        Bartsio-Caricetum nigrae
Menyantho-Sphagnetum teretis;Warén 1926;ASS;        Menyantho-Sphagnetum teretis
Caricetum pauperculae;Osvald 1923 nom. mutat. et conserv. propos.;ASS;        Caricetum pauperculae
Caricetalia davallianae;Br.-Bl. 1949;ORD;    Caricetalia davallianae
Caricion davallianae;Klika 1934;VRB;      Caricion davallianae
Junco subnodulosi-Schoenetum nigricantis;Allorge 1921 nom. invers. et mutat. propos.;ASS;        Junco subnodulosi-Schoenetum nigricantis
Junco subnodulosi-Schoenetum nigricantis, Küstenausbildung mit Juncus balticus;;ZEH;          Junco subnodulosi-Schoenetum nigricantis, Küstenausbildung mit Juncus balticus
Junco subnodulosi-Schoenetum nigricantis, excl. Küstenausbildung;;ZEH;          Junco subnodulosi-Schoenetum nigricantis, excl. Küstenausbildung
Juncus subnodulosus-Gesellschaft;;ZEH;          Juncus subnodulosus-Gesellschaft
Schoenetum ferruginei;Du Rietz 1925;ASS;        Schoenetum ferruginei
Caricetum davallianae;Dutoit 1924;ASS;        Caricetum davallianae
Caricetum frigidae;Rübel 1911;ASS;        Caricetum frigidae
Eleocharitetum quinqueflorae;Lüdi 1921 nom. mutat. propos.;ASS;        Eleocharitetum quinqueflorae
Parnassio-Juncetum atricapilli;Westhoff ex Westhoff et al. 1995;ASS;        Parnassio-Juncetum atricapilli
Juncus alpinus-Gesellschaft;;ASS;        Juncus alpinus-Gesellschaft
Caricion maritimae;Br.-Bl. in Volk 1940 corr.;VRB;      Caricion maritimae
Caricetum microglochinis;Nordhagen (1928) 1943;ASS;        Caricetum microglochinis
Carex capitata-Gesellschaft;;ASS;        Carex capitata-Gesellschaft
Oxycocco-Sphagnetea;Br.-Bl. et Tx. ex Westhoff et al. 1946;KLA;  Oxycocco-Sphagnetea
Erico-Sphagnetalia papillosi;Schwickerath 1940;ORD;    Erico-Sphagnetalia papillosi
Ericion tetralicis;Schwickerath 1933;VRB;      Ericion tetralicis
Ericetum tetralicis;(Allorge 1922) Jonas 1932;ASS;        Ericetum tetralicis
Sphagno compacti-Trichophoretum germanici;(Oberd. 1938) J. Bartsch et M. Bartsch 1940;ASS;        Sphagno compacti-Trichophoretum germanici
Salici repentis-Ericetum;(Tx. 1937) Westhoff ex Barendregt 1982;ASS;        Salici repentis-Ericetum
Oxycocco-Ericion;(Nordhagen 1936) Tx. 1937;VRB;      Oxycocco-Ericion
Erico-Sphagnetum magellanici;(Osvald 1923) Moore 1968;ASS;        Erico-Sphagnetum magellanici
Sphagnetalia magellanici;(Pawlowski 1928) Kästner et Flößner 1933;ORD;    Sphagnetalia magellanici
Sphagnion magellanici;Kästner et Flößner 1933;VRB;      Sphagnion magellanici
Sphagnetum magellanici;(Malcuit 1929) Kästner et Flößner 1933;ASS;        Sphagnetum magellanici
Ledo-Sphagnetum magellanici;Sukopp ex Neuhäusl 1969;ASS;        Ledo-Sphagnetum magellanici
Eriophoro-Trichophoretum cespitosi;(Zlatnik 1928, Rudolph et al. 1928) Rübel 1933;ASS;        Eriophoro-Trichophoretum cespitosi
Eriophorum vaginatum-Gesellschaft;;ASS;        Eriophorum vaginatum-Gesellschaft
VI. Meerstrand-, Spülsaum-, Dünen- und Salzwiesengesellschaften (mit Ausnahme der Vegetationstypen auf Grau- und Braundünen);;FOR;VI. Meerstrand-, Spülsaum-, Dünen- und Salzwiesengesellschaften (mit Ausnahme der Vegetationstypen auf Grau- und Braundünen)
Thero-Salicornietea;(S. Pignatti 1953) Tx. in Tx. et Oberd. 1958;KLA;  Thero-Salicornietea
Thero-Salicornietalia europaeae;Pignatti 1953;ORD;    Thero-Salicornietalia europaeae
Thero-Salicornion strictae;Br.-Bl. 1933;VRB;      Thero-Salicornion strictae
Salicornietum strictae;Christiansen ex Tx. 1974;ASS;        Salicornietum strictae
Salicornietum ramosissimae;Christiansen 1955;ASS;        Salicornietum ramosissimae
Salicornietum decumbentis;(König 1960) Schwabe et Tx. 1974;ASS;        Salicornietum decumbentis
Suaedetum maritimae;(Conard 1935) Pignatti 1953;ASS;        Suaedetum maritimae
Suaedo-Bassietum hirsutae;Br.-Bl. 1928;ASS;        Suaedo-Bassietum hirsutae
Cakiletea maritimae;Tx. et Preising ex Br.-Bl. et Tx. 1952;KLA;  Cakiletea maritimae
Cakiletalia maritimae;Tx. in Oberd. (1949) 1950;ORD;    Cakiletalia maritimae
Atriplicion littoralis;Nordhagen 1940;VRB;      Atriplicion littoralis
Cakiletum maritimae;Nordhagen 1940;ASS;        Cakiletum maritimae
Polygonetum raii;Nordhagen 1940;ASS;        Polygonetum raii
Honckenyo-Atriplicetum glabriusculae;Hadac 1949;ASS;        Honckenyo-Atriplicetum glabriusculae
Atriplicetum littoralis;Feekes 1936;ASS;        Atriplicetum littoralis
Honckenyo-Elymetea;Tx. 1966;KLA;  Honckenyo-Elymetea
Honckenya peploides-Gesellschaft;;ASS;        Honckenya peploides-Gesellschaft
Honckenyo-Elymetalia;Tx. 1966;ORD;    Honckenyo-Elymetalia
Agropyro-Rumicion;Nordhagen 1940;VRB;      Agropyro-Rumicion
Crambeetum maritimae;(Eklund 1932) Eigner 1973;ASS;        Crambeetum maritimae
Beta maritima-Gesellschaft;;ASS;        Beta maritima-Gesellschaft
Agropyretum arenosi;Nordhagen 1940;ASS;        Agropyretum arenosi
Elymus x acutus-Gesellschaft;;ASS;        Elymus x acutus-Gesellschaft
Lepidium latifolium-Gesellschaft;;ASS;        Lepidium latifolium-Gesellschaft
Spartinetea maritimae;Tx. in Beeftink 1962;KLA;  Spartinetea maritimae
Spartinetalia maritimae;Conard 1935;ORD;    Spartinetalia maritimae
Spartinion maritimae;Conard 1952;VRB;      Spartinion maritimae
Spartinetum anglicae;Corillion 1953;ASS;        Spartinetum anglicae
Ammophiletea;Br.-Bl. et Tx. ex Westhoff et al. 1946;KLA;  Ammophiletea
Ammophiletalia;Br.-Bl. 1933;ORD;    Ammophiletalia
Ammophilion;Br.-Bl. 1933;VRB;      Ammophilion
Elymo-Agropyretum juncei;Br.-Bl. et De Leeuw 1936;ASS;        Elymo-Agropyretum juncei
Elymo-Ammophiletum;Br.-Bl. et De Leeuw 1936;ASS;        Elymo-Ammophiletum
Juncetea maritimi;Tx. et Oberd. 1958;KLA;  Juncetea maritimi
Glauco-Puccinellietalia;Beeftink et Westhoff in Beeftink 1965;ORD;    Glauco-Puccinellietalia
Puccinellion maritimae;Christiansen 1927;VRB;      Puccinellion maritimae
Puccinellietum maritimae;Christiansen 1927;ASS;        Puccinellietum maritimae
Halimionetum portulacoidis;Kuhnholtz-Lordat 1927;ASS;        Halimionetum portulacoidis
Spergulario-Puccinellietum distantis;Feekes (1934) 1943;ASS;        Spergulario-Puccinellietum distantis
Puccinellietum retroflexae;(Almquist 1929) Beeftink 1965;ASS;        Puccinellietum retroflexae
Armerion maritimae;Br.-Bl. et De Leeuw 1936;VRB;      Armerion maritimae
Armerion maritimae-Basalgesellschaft;;ASS;        Armerion maritimae-Basalgesellschaft
Ononis spinosa-Carex distans-Gesellschaft;;ZEH;          Ononis spinosa-Carex distans-Gesellschaft
Festuca rubra ssp. litoralis-Gesellschaft;;ZEH;          Festuca rubra ssp. litoralis-Gesellschaft
Hordeum secalinum-Gesellschaft;;ZEH;          Hordeum secalinum-Gesellschaft
Juncetum gerardii;Nordhagen 1923 nom. conserv. propos.;ASS;        Juncetum gerardii
Junco-Caricetum extensae;Br.-Bl. et De Leeuw 1936;ZEH;          Junco-Caricetum extensae
Artemisietum maritimae;Br.-Bl. et De Leeuw 1936;ASS;        Artemisietum maritimae
Blysmetum rufi;G.E. et G. Du Rietz 1925 nom. conserv. propos.;ASS;        Blysmetum rufi
Oenantho-Juncetum maritimi;Tx. 1937;ASS;        Oenantho-Juncetum maritimi
Agropyretum littoralis;Br.-Bl. et De Leeuw 1936;ASS;        Agropyretum littoralis
Scirpion maritimi;Dahl et Hadac 1941;VRB;      Scirpion maritimi
Bolboschoenetum maritimi;Van Langendonck 1931;ASS;        Bolboschoenetum maritimi
Eleocharitetum uniglumis;Almquist 1929 nom. conserv. propos.;ASS;        Eleocharitetum uniglumis
Saginetea maritimae;Westhoff et al. 1962;KLA;  Saginetea maritimae
Saginetalia maritimae;Westhoff et al. 1962;ORD;    Saginetalia maritimae
Saginion maritimae;Westhoff et al. 1962;VRB;      Saginion maritimae
Sagino-Cochlearietum danicae;Tx. et Gillner in Tx. 1957;ASS;        Sagino-Cochlearietum danicae
Centaurio litoralis-Saginetum nodosae;Diémont et al. 1940;ASS;        Centaurio litoralis-Saginetum nodosae
Crithmo-Staticetea;Br.-Bl. in Br.-Bl. et al. 1952;KLA;  Crithmo-Staticetea
Crithmo-Limonietalia;Br.-Bl. 1942;ORD;    Crithmo-Limonietalia
Crithmo-Limonion;Molinier 1934;VRB;      Crithmo-Limonion
Cardario-Brassicetum oleraceae;Walbrun 1986;ASS;        Cardario-Brassicetum oleraceae
VII. Tritt- und Flutrasen, Rasengesellschaften des Wirtschaftsgrünlandes, Graudünen, Halbtrockenrasen und Magerrasen, Hochgebirgsrasen;;FOR;VII. Tritt- und Flutrasen, Rasengesellschaften des Wirtschaftsgrünlandes, Graudünen, Halbtrockenrasen und Magerrasen, Hochgebirgsrasen
Polygono arenastri-Poetea annuae;Rivas-Martínez 1975 corr. Rivas-Martínez et al. 1991;KLA;  Polygono arenastri-Poetea annuae
Polygono arenastri-Poetea annuae-Basalgesellschaft;;ASS;        Polygono arenastri-Poetea annuae-Basalgesellschaft
Myosuro-Ranunculetum sardoi;(Diémont et al. 1940) Oberd. 1957;ZEH;          Myosuro-Ranunculetum sardoi
Polygono arenastri-Poetalia annuae;Tx. in Géhu et al. 1972 corr. Rivas-Martínez et al. 1991;ORD;    Polygono arenastri-Poetalia annuae
Matricario matricarioidis-Polygonion arenastri;Rivas-Martínez 1975 corr. Rivas-Martínez et al. 1991;VRB;      Matricario matricarioidis-Polygonion arenastri
Sclerochloo-Polygonetum arenastri;(Gams 1927) Soó ex Korneck 1969 corr. Mucina 1983;ASS;        Sclerochloo-Polygonetum arenastri
Matricario-Polygonetum arenastri;Th. Müller in Oberd. 1971;ASS;        Matricario-Polygonetum arenastri
Polygonetum calcati;Lohmeyer 1975;ASS;        Polygonetum calcati
Poo-Coronopodetum squamati;Gutte 1966;ASS;        Poo-Coronopodetum squamati
Saginion procumbentis;Tx. et Ohba in Géhu et al. 1972;VRB;      Saginion procumbentis
Sagino procumbentis-Bryetum argentei;Diémont et al. 1940;ASS;        Sagino procumbentis-Bryetum argentei
Rumici-Spergularietum rubrae;Hülbusch 1973;ASS;        Rumici-Spergularietum rubrae
Alchemillo-Poion supinae;Ellmauer et Mucina 1993;VRB;      Alchemillo-Poion supinae
Alchemillo-Poetum supinae;Aichinger 1933;ASS;        Alchemillo-Poetum supinae
VIII. Nitrophytische, ruderale Staudenvegetation, halbruderale Halbtrockenrasen, Saum- und Verlichtungsgesellschaften, Uferstaudengesellschaften;;FOR;VIII. Nitrophytische, ruderale Staudenvegetation, halbruderale Halbtrockenrasen, Saum- und Verlichtungsgesellschaften, Uferstaudengesellschaften
Galio-Urticetea;Passarge ex Kopecký 1969;KLA;  Galio-Urticetea
Galio-Urticetea-Basalgesellschaft;;ASS;        Galio-Urticetea-Basalgesellschaft
Convolvuletalia sepium;Tx. 1950 nom. invalid.;ORD;    Convolvuletalia sepium
Convolvuletalia sepium-Basalgesellschaft;;ASS;        Convolvuletalia sepium-Basalgesellschaft
Senecionion fluviatilis;Tx. 1950 nom. invalid.;VRB;      Senecionion fluviatilis
Senecionion fluviatilis-Basalgesellschaft;;ASS;        Senecionion fluviatilis-Basalgesellschaft
Soncho-Archangelicetum litoralis;Tx. 1937;ASS;        Soncho-Archangelicetum litoralis
Senecionetum fluviatilis;Th. Müller ex Straka in Mucina 1993;ASS;        Senecionetum fluviatilis
Cuscuto europaeae-Convolvuletum sepium;Tx. 1947;ASS;        Cuscuto europaeae-Convolvuletum sepium
Epilobio hirsuti-Convolvuletum sepium;Hilbig et al. 1972;ASS;        Epilobio hirsuti-Convolvuletum sepium
Convolvulo-Eupatorietum cannabini;Görs 1974 nom. invers. propos.;ZEH;          Convolvulo-Eupatorietum cannabini
Veronico longifoliae-Euphorbietum palustris;Korneck 1963;ASS;        Veronico longifoliae-Euphorbietum palustris
Veronico longifoliae-Euphorbietum lucidae;Balátová-Tulácková et Knezevic 1975;ASS;        Veronico longifoliae-Euphorbietum lucidae
Veronica longifolia-Filipendula ulmaria-Gesellschaft;;ASS;        Veronica longifolia-Filipendula ulmaria-Gesellschaft
Filipendula-Thalictrum flavum-Gesellschaft;;ASS;        Filipendula-Thalictrum flavum-Gesellschaft
Bidenti-Brassicetum nigrae;Allorge 1921;ASS;        Bidenti-Brassicetum nigrae
Glechometalia hederaceae;Tx. in Tx. et Brun-Hool 1975 nom. conserv. propos.;ORD;    Glechometalia hederaceae
Glechometalia hederaceae-Basalgesellschaft;;ASS;        Glechometalia hederaceae-Basalgesellschaft
Aegopodion podagrariae;Tx. 1967 nom. conserv. propos.;VRB;      Aegopodion podagrariae
Aegopodion podagrariae-Basalgesellschaft;;ASS;        Aegopodion podagrariae-Basalgesellschaft
Chaerophylletum bulbosi;Tx. 1937;ASS;        Chaerophylletum bulbosi
Phalarido-Petasitetum hybridi;Schwickerath 1933 nom. mutat. propos.;ASS;        Phalarido-Petasitetum hybridi
Chaerophylletum aurei;Oberd. 1957;ASS;        Chaerophylletum aurei
Chaerophylletum aromatici;Neuhäuslová-Novotná et al. 1969;ASS;        Chaerophylletum aromatici
Urtico-Aegopodietum;Tx. ex Görs 1968;ASS;        Urtico-Aegopodietum
Anthrisco nitidae-Aegopodietum podagrariae;Kopecký 1974;ZEH;          Anthrisco nitidae-Aegopodietum podagrariae
Euphorbietum strictae;(Oberd. et al. 1967) Th. Müller ex Mucina 1993;ASS;        Euphorbietum strictae
Geo urbani-Alliarion petiolatae;Lohmeyer et Oberd. in Görs et Th. Müller 1969;VRB;      Geo urbani-Alliarion petiolatae
Geo urbani-Alliarion petiolatae-Basalgesellschaft;;ASS;        Geo urbani-Alliarion petiolatae-Basalgesellschaft
Urtico-Cruciatetum laevipedis;Dierschke 1973;ZEH;          Urtico-Cruciatetum laevipedis
Sambucus ebulus-Gesellschaft;;ASS;        Sambucus ebulus-Gesellschaft
Cephalarietum pilosae;Jouanne 1927;ASS;        Cephalarietum pilosae
Alliario-Chaerophylletum temuli;Lohmeyer 1949;ASS;        Alliario-Chaerophylletum temuli
Chaerophyllo-Geranietum lucidi;Oberdorfer 1957;ZEH;          Chaerophyllo-Geranietum lucidi
Alliario-Cynoglossetum germanici;Géhu et al. 1972;ZEH;          Alliario-Cynoglossetum germanici
Urtico-Parietarietum officinalis;Klotz 1985;ZEH;          Urtico-Parietarietum officinalis
Torilidetum japonicae;Lohmeyer ex Görs et Th. Müller 1969;ASS;        Torilidetum japonicae
Epilobio-Geranietum robertiani;Lohmeyer ex Görs et Th. Müller 1969;ASS;        Epilobio-Geranietum robertiani
Rumicion alpini;Rübel ex Klika in Klika et Hadac 1944;VRB;      Rumicion alpini
Rumicetum alpini;Beger 1922;ASS;        Rumicetum alpini
Peucedanetum ostruthii;Rübel 1911;ASS;        Peucedanetum ostruthii
Senecionetum alpini;Bolleter 1921;ASS;        Senecionetum alpini
Artemisietea vulgaris;Lohmeyer et al. ex von Rochow 1951;KLA;  Artemisietea vulgaris
Artemisietea vulgaris-Basalgesellschaft;;ASS;        Artemisietea vulgaris-Basalgesellschaft
Cirsium arvense-Cirsium vulgare-Gesellschaft;;ZEH;          Cirsium arvense-Cirsium vulgare-Gesellschaft
Artemisietalia vulgaris;Lohmeyer in Tx. 1947;ORD;    Artemisietalia vulgaris
Arction lappae;Tx. 1937;VRB;      Arction lappae
Arction lappae-Basalgesellschaft;;ASS;        Arction lappae-Basalgesellschaft
Lamio albi-Ballotetum foetidae;Lohmeyer 1970;ASS;        Lamio albi-Ballotetum foetidae
Leonuro-Ballotetum nigrae;Slavnic 1951;ASS;        Leonuro-Ballotetum nigrae
Urtico urentis-Chenopodietum boni-henrici;Tx. 1937 nom. invers. propos.;ASS;        Urtico urentis-Chenopodietum boni-henrici
Arctio-Artemisietum vulgaris;Oberd. et al. ex Seybold et Th. Müller 1972;ASS;        Arctio-Artemisietum vulgaris
Hyoscyamo nigri-Conietum;Slavnic 1951 nom. invers. propos.;ASS;        Hyoscyamo nigri-Conietum
Onopordetalia acanthii;Br.-Bl. et Tx. ex Klika et Hadac 1944;ORD;    Onopordetalia acanthii
Onopordion acanthii;Br.-Bl. in Br.-Bl. et al. 1936;VRB;      Onopordion acanthii
Onopordion acanthii-Basalgesellschaft;;ASS;        Onopordion acanthii-Basalgesellschaft
Onopordetum acanthii;Libbert 1932;ASS;        Onopordetum acanthii
Resedo-Carduetum nutantis;Sissingh 1950;ASS;        Resedo-Carduetum nutantis
Cirsietum eriophori;Oberd. ex Th. Müller 1966;ASS;        Cirsietum eriophori
Lappulo echinatae-Cynoglossetum;Klika 1935;ASS;        Lappulo echinatae-Cynoglossetum
Carduetum acanthoidis;Felföldy 1942;ASS;        Carduetum acanthoidis
Dauco-Melilotion;Görs ex Rostanski et Gutte 1971;VRB;      Dauco-Melilotion
Dauco-Melilotion-Basalgesellschaft;;ASS;        Dauco-Melilotion-Basalgesellschaft
Tanaceto-Artemisietum;Sissingh 1950;ASS;        Tanaceto-Artemisietum
Cichorium intybus-Gesellschaft;;ZEH;          Cichorium intybus-Gesellschaft
Berteroetum incanae;Sissingh et Tideman in Sissingh 1950;ASS;        Berteroetum incanae
Dauco-Picridetum;Görs 1966;ASS;        Dauco-Picridetum
Melilotetum albo-officinalis;Sissingh 1950;ASS;        Melilotetum albo-officinalis
Glaucium flavum-Gesellschaft;;ASS;        Glaucium flavum-Gesellschaft
Poo compressae-Anthemidetum tinctoriae;Th. Müller et Görs ex Brandes 1986;ASS;        Poo compressae-Anthemidetum tinctoriae
Potentillo argenteae-Artemisietum absinthii;Falinski 1965;ASS;        Potentillo argenteae-Artemisietum absinthii
Agropyretalia intermedio-repentis;Oberd. et al. ex Th. Müller et Görs 1969;ORD;    Agropyretalia intermedio-repentis
Convolvulo-Agropyrion;Görs 1966;VRB;      Convolvulo-Agropyrion
Convolvulo-Agropyrion-Basalgesellschaft;;ASS;        Convolvulo-Agropyrion-Basalgesellschaft
Rubo caesii-Calamagrostietum epigeji;Coste 1985;ZEH;          Rubo caesii-Calamagrostietum epigeji
Elymo-Rubetum caesii;Dengler 1997;ZEH;          Elymo-Rubetum caesii
Convolvulo-Brometum inermis;Eliác 1979;ZEH;          Convolvulo-Brometum inermis
Convolvulo arvensis-Agropyretum repentis;Felföldy 1943 nom. invers. propos.;ZEH;          Convolvulo arvensis-Agropyretum repentis
Diplotaxio tenuifoliae-Agropyretum repentis;Philippi in Th. Müller et Görs 1969;ASS;        Diplotaxio tenuifoliae-Agropyretum repentis
Asparago officinalis-Chondrilletum junceae;Passarge 1978;ZEH;          Asparago officinalis-Chondrilletum junceae
Lepidietum drabae;Tímár 1950;ASS;        Lepidietum drabae
Falcario vulgaris-Agropyretum repentis;Th. Müller et Görs 1969;ASS;        Falcario vulgaris-Agropyretum repentis
Melico transsilvanicae-Agropyretum repentis;Th. Müller in Görs 1966;ASS;        Melico transsilvanicae-Agropyretum repentis
Tussilago farfara-Gesellschaft;;ASS;        Tussilago farfara-Gesellschaft
Petasitetum tomentosi;Steffen 1931;ASS;        Petasitetum tomentosi
Agropyro repentis-Rumicetum thyrsiflori;Passarge 1989;ASS;        Agropyro repentis-Rumicetum thyrsiflori
Trifolio-Geranietea sanguinei;Th. Müller 1962;KLA;  Trifolio-Geranietea sanguinei
Origanetalia vulgaris;Th. Müller 1961;ORD;    Origanetalia vulgaris
Geranion sanguinei;Tx. in Th. Müller 1961;VRB;      Geranion sanguinei
Geranion sanguinei-Basalgesellschaft;;ASS;        Geranion sanguinei-Basalgesellschaft
Geranio-Peucedanetum cervariae;(Kuhn 1937) Th. Müller 1961;ASS;        Geranio-Peucedanetum cervariae
Geranio-Peucedanetum cervariae s.str.;(Kuhn 1937) Th. Müller 1961;ZEH;          Geranio-Peucedanetum cervariae s.str.
Geranio-Dictamnetum;Wendelberger ex Th. Müller 1962 nom. invers. propos.;ZEH;          Geranio-Dictamnetum
Adonido-Peucedanetum cervariae;Passarge 1979;ZEH;          Adonido-Peucedanetum cervariae
Serratulo tinctoriae-Peucedanetum cervariae;Türk et Meierott 1992;ZEH;          Serratulo tinctoriae-Peucedanetum cervariae
Serratulo tinctoriae-Potentilletum albae;Türk et Meierott 1992;ZEH;          Serratulo tinctoriae-Potentilletum albae
Bupleuro longifolii-Laserpitietum latifolii;Th. Müller in Oberd. 1978;ASS;        Bupleuro longifolii-Laserpitietum latifolii
Trifolio-Astragaletum ciceri;Reichhoff in Hilbig et al. 1982;ASS;        Trifolio-Astragaletum ciceri
Geranio-Anemonetum sylvestris;Th. Müller 1961;ASS;        Geranio-Anemonetum sylvestris
Campanulo bononiensis-Vicietum tenuifoliae;Krausch in Th. Müller 1962;ASS;        Campanulo bononiensis-Vicietum tenuifoliae
Geranio-Trifolietum alpestris;Th. Müller 1962;ASS;        Geranio-Trifolietum alpestris
Teucrio-Polygonatetum odorati;Korneck 1974;ASS;        Teucrio-Polygonatetum odorati
Trifolion medii;Th. Müller 1962;VRB;      Trifolion medii
Trifolion medii-Basalgesellschaft;;ASS;        Trifolion medii-Basalgesellschaft
Trifolio medii-Agrimonietum;Th. Müller 1962;ASS;        Trifolio medii-Agrimonietum
Agrimonio-Vicietum cassubicae;Passarge 1967 nom. invers. propos.;ASS;        Agrimonio-Vicietum cassubicae
Trifolio medii-Melampyretum nemorosi;Dierschke 1973;ASS;        Trifolio medii-Melampyretum nemorosi
Vicietum sylvaticae;Oberd. et Th. Müller ex Th. Müller 1962;ASS;        Vicietum sylvaticae
Knautietum dipsacifoliae;Oberd. ex Th. Müller 1978 corr. Oberd. et Th. Müller 1990;ASS;        Knautietum dipsacifoliae
Melampyro-Holcetalia mollis;Passarge 1979;ORD;    Melampyro-Holcetalia mollis
Melampyrion pratensis;Passarge 1979;VRB;      Melampyrion pratensis
Teucrietum scorodoniae;Jouanne ex Pott 1995;ASS;        Teucrietum scorodoniae
Melampyrum pratense-Holcus mollis-Gesellschaft;;ASS;        Melampyrum pratense-Holcus mollis-Gesellschaft
Lathyro linifolii-Melampyretum pratensis s.str.;Passarge 1967;ZEH;          Lathyro linifolii-Melampyretum pratensis s.str.
Campanulo-Teucrietum scorodoniae;R. Knapp 1976;ASS;        Campanulo-Teucrietum scorodoniae
Teucrio-Centaureetum nemoralis;Th. Müller 1961;ASS;        Teucrio-Centaureetum nemoralis
Trifolio-Vicietum orobi;Rivas-Martínez et Mayor ex Oberd. 1978;ASS;        Trifolio-Vicietum orobi
Epilobietea angustifolii;Tx. et Preising ex von Rochow 1951;KLA;  Epilobietea angustifolii
Epilobietea angustifolii-Basalgesellschaft;;ASS;        Epilobietea angustifolii-Basalgesellschaft
Calamagrostis epigejos-Gesellschaft;;ZEH;          Calamagrostis epigejos-Gesellschaft
Epilobium angustifolium-Calamagrostis arundinacea-Gesellschaft;;ZEH;          Epilobium angustifolium-Calamagrostis arundinacea-Gesellschaft
Atropetalia;Vlieger 1937;ORD;    Atropetalia
Carici piluliferae-Epilobion angustifolii;Tx. 1950 nom. invalid.;VRB;      Carici piluliferae-Epilobion angustifolii
Epilobio-Digitalietum purpureae;Schwickerath 1944;ASS;        Epilobio-Digitalietum purpureae
Senecioni-Epilobietum angustifolii;Hueck 1931;ASS;        Senecioni-Epilobietum angustifolii
Digitali ambiguae-Calamagrostietum arundinaceae;Sillinger 1933;ASS;        Digitali ambiguae-Calamagrostietum arundinaceae
Corydalido claviculatae-Epilobietum angustifolii;Hülbusch et Tx. 1968;ASS;        Corydalido claviculatae-Epilobietum angustifolii
Atropion;Br.-Bl. ex Aichinger 1933;VRB;      Atropion
Epilobio-Atropetum bellae-donnae;Tx. 1931;ASS;        Epilobio-Atropetum bellae-donnae
Digitali luteae-Atropetum;Oberd. 1957;ZEH;          Digitali luteae-Atropetum
Arctietum nemorosi;Tx. 1950 nom. invalid.;ASS;        Arctietum nemorosi
Betulo-Adenostyletea;Br.-Bl. et Tx. 1943 nom. invalid.;KLA;  Betulo-Adenostyletea
Adenostyletalia;G. Br.-Bl. et J. Br.-Bl. 1931;ORD;    Adenostyletalia
Adenostylion alliariae;Br.-Bl. 1926;VRB;      Adenostylion alliariae
Salicetum appendiculatae;Oberd. 1957;ASS;        Salicetum appendiculatae
Alnetum viridis;Br.-Bl. 1918;ASS;        Alnetum viridis
Cicerbitetum alpinae;Bolleter 1921;ASS;        Cicerbitetum alpinae
Salicetum waldsteinianae;Beger 1922;ASS;        Salicetum waldsteinianae
Luzuletum desvauxii;Issler 1936;ASS;        Luzuletum desvauxii
Allium victoralis-Gesellschaft;;ASS;        Allium victoralis-Gesellschaft
Calamagrostion villosae;Pawlowski et al. 1928;VRB;      Calamagrostion villosae
Centaureo montanae-Calamagrostietum arundinaceae;J. Bartsch et M. Bartsch 1940;ASS;        Centaureo montanae-Calamagrostietum arundinaceae
Athyrietum distentifolii;Nordhagen 1928 nom. conserv. propos.;ASS;        Athyrietum distentifolii
Hieracium aurantiacum-Calamagrostis villosa-Gesellschaft;;ASS;        Hieracium aurantiacum-Calamagrostis villosa-Gesellschaft
Ranunculus platanifolius-Calamagrostis villosa-Gesellschaft;;ASS;        Ranunculus platanifolius-Calamagrostis villosa-Gesellschaft
IX. Zwergstrauch-Gesellschaften und Borstgras-Rasen;;FOR;IX. Zwergstrauch-Gesellschaften und Borstgras-Rasen
Salicetea herbaceae;Br.-Bl. 1948;KLA;  Salicetea herbaceae
Salicetalia herbaceae;Br.-Bl. in Br.-Bl. et Jenny 1926;ORD;    Salicetalia herbaceae
Salicion herbaceae;Br.-Bl. in Br.-Bl. et Jenny 1926;VRB;      Salicion herbaceae
Salicetum herbaceae;Rübel 1911;ASS;        Salicetum herbaceae
Luzuletum alpinopilosae;Br.-Bl. in Br.-Bl. et Jenny 1926;ASS;        Luzuletum alpinopilosae
Poo-Cerastietum cerastioidis;(Söyrinki 1954) Oberdorfer 1957;ASS;        Poo-Cerastietum cerastioidis
Gnaphalium supinum-Gesellschaft;;ASS;        Gnaphalium supinum-Gesellschaft
Polytrichetum sexangularis;Frey 1922;ASS;        Polytrichetum sexangularis
Calluno-Ulicetea;Br.-Bl. et Tx. ex Westhoff et al. 1946;KLA;  Calluno-Ulicetea
Deschampsia flexuosa-Gesellschaft;;ASS;        Deschampsia flexuosa-Gesellschaft
Nardetalia;Oberd. ex Preising 1949;ORD;    Nardetalia
Violion caninae;Schwickerath 1944;VRB;      Violion caninae
Galium saxatile-Nardus stricta-Gesellschaft;;ASS;        Galium saxatile-Nardus stricta-Gesellschaft
Festuco-Genistelletum sagittalis;Issler 1929;ASS;        Festuco-Genistelletum sagittalis
Festuco-Genistelletum sagittalis s.str.;Issler 1929;ZEH;          Festuco-Genistelletum sagittalis s.str.
Polygalo-Nardetum;Oberd. 1957;ZEH;          Polygalo-Nardetum
Botrychio-Polygaletum vulgaris;Preising 1950;ZEH;          Botrychio-Polygaletum vulgaris
Polygono vivipari-Genistetum sagittalis;(Kuhn 1937) Th. Müller in Oberdorfer et al. 1978;ZEH;          Polygono vivipari-Genistetum sagittalis
Aveno-Genistetum sagittalis;Oberd. 1957;ZEH;          Aveno-Genistetum sagittalis
Juncetum squarrosi;Nordhagen 1922 nom. conserv. propos.;ASS;        Juncetum squarrosi
Juncetum squarrosi s.str.;Nordhagen 1922 nom. conserv. propos.;ZEH;          Juncetum squarrosi s.str.
Nardo-Gentianetum pneumonanthis;Preising 1950;ZEH;          Nardo-Gentianetum pneumonanthis
Nardion;Br.-Bl. in Br.-Bl. et Jenny 1926;VRB;      Nardion
Geo montani-Nardetum strictae;Lüdi 1948 nom. mutat. propos.;ASS;        Geo montani-Nardetum strictae
Leontodon helveticus-Nardus stricta-Gesellschaft;;ASS;        Leontodon helveticus-Nardus stricta-Gesellschaft
Diphasiastrum alpinum-Nardus stricta-Gesellschaft;;ASS;        Diphasiastrum alpinum-Nardus stricta-Gesellschaft
Pulsatilla alba-Nardus stricta-Gesellschaft;;ASS;        Pulsatilla alba-Nardus stricta-Gesellschaft
Vaccinio-Genistetalia;R. Schubert 1960;ORD;    Vaccinio-Genistetalia
Genistion pilosae;Duvigneaud 1942;VRB;      Genistion pilosae
Genistion pilosae-Basalgesellschaft;;ASS;        Genistion pilosae-Basalgesellschaft
Euphorbio-Callunetum;R. Schubert 1960;ZEH;          Euphorbio-Callunetum
Genisto pilosae-Callunetum;Braun 1915 nom. invers. propos.;ASS;        Genisto pilosae-Callunetum
Salix repens-Calluna vulgaris-Gesellschaft;;ZEH;          Salix repens-Calluna vulgaris-Gesellschaft
Genisto germanicae-Callunetum;Oberd. 1957;ASS;        Genisto germanicae-Callunetum
Cytiso supini-Antennarietum;Preising 1953;ASS;        Cytiso supini-Antennarietum
Vaccinio-Callunetum;Büker 1942 nom. invers. propos.;ASS;        Vaccinio-Callunetum
Anemono micranthae-Callunetum;R. Schubert 1960;ZEH;          Anemono micranthae-Callunetum
Empetrion nigri;R. Schubert ex Westhoff et Den Held 1969;VRB;      Empetrion nigri
Hieracio-Empetretum;Libbert ex Passarge 1964;ASS;        Hieracio-Empetretum
X. Gebüsche und Vorwälder, anthropogene Gehölzgesellschaften;;FOR;X. Gebüsche und Vorwälder, anthropogene Gehölzgesellschaften
Franguletea;Doing ex Westhoff in Westhoff et den Held 1969;KLA;  Franguletea
Rubetalia plicati;Weber in Pott 1995;ORD;    Rubetalia plicati
Ulici-Sarothamnion;Doing ex Weber 1997;VRB;      Ulici-Sarothamnion
Rubo plicati-Sarothamnetum;Weber 1987;ASS;        Rubo plicati-Sarothamnetum
Lonicero-Rubion silvatici;Tüxen et Neumann ex Wittig 1977;VRB;      Lonicero-Rubion silvatici
Rubetum grati;Tüxen et Neumann ex Weber 1976;ASS;        Rubetum grati
Rubetum silvatici;Weber in Pott 1995;ASS;        Rubetum silvatici
Rubetum sciocharitis;Weber in Pott 1995;ASS;        Rubetum sciocharitis
Rubetum pedemontani;Weber in Pott 1995;ASS;        Rubetum pedemontani
Rubus plicatus-Frangula-Gesellschaft;;ASS;        Rubus plicatus-Frangula-Gesellschaft
Rubus scissus-Salix aurita-Gesellschaft;;ASS;        Rubus scissus-Salix aurita-Gesellschaft
Salix repens-Salix aurita-Gesellschaft;;ASS;        Salix repens-Salix aurita-Gesellschaft
Rubus plicatus-Myrica gale-Gesellschaft;;ASS;        Rubus plicatus-Myrica gale-Gesellschaft
Salicetalia auritae;Doing ex Steffen 1968 nom. conserv. propos.;ORD;    Salicetalia auritae
Salicion cinereae;Th. Müller et Görs ex Passarge 1961;VRB;      Salicion cinereae
Betuletum humilis;Steffen 1931;ASS;        Betuletum humilis
Myricetum gale;Jonas ex Dierschke 1969 nom. conserv. propos.;ASS;        Myricetum gale
Frangulo-Salicetum auritae;Tx. 1937;ASS;        Frangulo-Salicetum auritae
Salicetum pentandro-cinereae;Passarge 1961;ASS;        Salicetum pentandro-cinereae
Frangulo-Salicetum cinereae;Graebner et Hueck 1931 nom. invers. propos.;ASS;        Frangulo-Salicetum cinereae
Salicetum cinereo-argenteae;Weber et Preising in Weber 1998;ASS;        Salicetum cinereo-argenteae
Rhamno-Prunetea;Rivas Goday et Borja Carbonell ex Tx. 1962;KLA;  Rhamno-Prunetea
Prunetalia spinosae;Tx. 1952;ORD;    Prunetalia spinosae
Prunetalia spinosae-Basalgesellschaft;;ASS;        Prunetalia spinosae-Basalgesellschaft
Berberidion vulgaris;Br.-Bl. 1950;VRB;      Berberidion vulgaris
Cotoneastro-Amelanchieretum;Faber ex Th. Müller 1966;ASS;        Cotoneastro-Amelanchieretum
Pruno-Ligustretum;Tx. 1952 nom. conserv. propos.;ASS;        Pruno-Ligustretum
Coronillo-Prunetum mahaleb;Gallandat 1972;ASS;        Coronillo-Prunetum mahaleb
Crataego-Prunetum fruticosae;Soó 1951;ASS;        Crataego-Prunetum fruticosae
Violo hirtae-Cornetum maris;Hilbig et Klotz 1990;ASS;        Violo hirtae-Cornetum maris
Roso vosagiacae-Coryletum;Oberd. 1957;ASS;        Roso vosagiacae-Coryletum
Berberido-Hippophaëtum fluviatilis;Moor 1958 nom. invers. propos.;ASS;        Berberido-Hippophaëtum fluviatilis
Pado-Coryletum;Moor 1958;ASS;        Pado-Coryletum
Salix purpurea-Viburnum opulus-Gesellschaft;;ASS;        Salix purpurea-Viburnum opulus-Gesellschaft
Ulmus minor-Gesellschaft;;ASS;        Ulmus minor-Gesellschaft
Carpino-Prunion;Weber 1974;VRB;      Carpino-Prunion
Crataego-Prunetum spinosae;Hueck 1931 nom. invers. propos.;ASS;        Crataego-Prunetum spinosae
Pruno-Rubion radulae;Weber 1974;VRB;      Pruno-Rubion radulae
Rosa canina-Juniperus communis-Gesellschaft;;ASS;        Rosa canina-Juniperus communis-Gesellschaft
Carici brizoidis-Coryletum;Weber 1999;ASS;        Carici brizoidis-Coryletum
Prunus spinosa-Rubus albiflorus-Gesellschaft;;ASS;        Prunus spinosa-Rubus albiflorus-Gesellschaft
Pruno-Rubetum bifrontis;Weber 1990;ASS;        Pruno-Rubetum bifrontis
Pruno-Rubetum sprengelii;Weber 1967;ASS;        Pruno-Rubetum sprengelii
Pruno-Rubetum elegantispinosi;Weber 1974;ASS;        Pruno-Rubetum elegantispinosi
Pruno-Rubetum radulae;Weber 1967;ASS;        Pruno-Rubetum radulae
Rubus montanus-Prunus spinosa-Gesellschaft;;ASS;        Rubus montanus-Prunus spinosa-Gesellschaft
Pruno-Rubetum praecocis;Weber 1986;ASS;        Pruno-Rubetum praecocis
Pruno-Rubetum vestiti;Weber 1974;ASS;        Pruno-Rubetum vestiti
Sambucetalia racemosae;Oberd. ex Passarge in Scamoni 1963;ORD;    Sambucetalia racemosae
Ribes alpinum-Gebüsche;;ASS;        Ribes alpinum-Gebüsche
Senecioni ovati-Corylion;Weber 1997;VRB;      Senecioni ovati-Corylion
Senecioni ovati-Coryletum;Passarge 1979;ASS;        Senecioni ovati-Coryletum
Sambuco racemosae-Salicion capreae;Tx. et Neumann ex Oberd. 1957;VRB;      Sambuco racemosae-Salicion capreae
Rubus idaeus-Gesellschaft;;ASS;        Rubus idaeus-Gesellschaft
Sambuco racemosae-Rubetum rudis;Tx. et Neumann ex Weber 1999;ASS;        Sambuco racemosae-Rubetum rudis
Senecio fuchsii-Sambucetum racemosae;Oberd. 1957;ASS;        Senecio fuchsii-Sambucetum racemosae
Salicetum capreae;Schreier 1955;ASS;        Salicetum capreae
Sorbus aucuparia-Picea abies-Gesellschaft;;ASS;        Sorbus aucuparia-Picea abies-Gesellschaft
Salicetea arenariae;Weber 1999;KLA;  Salicetea arenariae
Salicetalia arenariae;Preising et Weber 1997;ORD;    Salicetalia arenariae
Salicion arenariae;Tx. ex Passarge et Scamoni 1943;VRB;      Salicion arenariae
Hippophao-Salicetum arenariae;Tx. 1937 nom. invalid.;ASS;        Hippophao-Salicetum arenariae
Roso pimpinellifoliae-Salicetum arenariae;Passarge in Scamoni 1963;ASS;        Roso pimpinellifoliae-Salicetum arenariae
Polypodio-Salicetum arenariae;Boerboom 1960 nom. conserv. propos.;ASS;        Polypodio-Salicetum arenariae
Pyrolo-Hippophaetum;Weber 1999;ASS;        Pyrolo-Hippophaetum
Ammophila arenaria-Rosa rugosa-Gesellschaft;;ASS;        Ammophila arenaria-Rosa rugosa-Gesellschaft
Salicetea purpureae;Moor 1958;KLA;  Salicetea purpureae
Salicetalia purpureae;Moor 1958;ORD;    Salicetalia purpureae
Salix purpurea-Gesellschaft;;ASS;        Salix purpurea-Gesellschaft
Salicion eleagno-daphnoidis;(Moor 1958) Grass 1993;VRB;      Salicion eleagno-daphnoidis
Myricarietum;Jeník 1955;ASS;        Myricarietum
Salicetum eleagno-purpureae;Sillinger 1933 nom. mutat. propos.;ASS;        Salicetum eleagno-purpureae
Salicion albae;Soó 1930;VRB;      Salicion albae
Salicetum triandrae;Malcuit ex Noirfalise in Lebrun et al. 1955;ASS;        Salicetum triandrae
Salicetum albae;Issler 1926;ASS;        Salicetum albae
Salicetum fragilis;Passarge 1957;ASS;        Salicetum fragilis
Loiseleurio-Vaccinietea;Eggler ex R. Schubert 1960;KLA;  Loiseleurio-Vaccinietea
Rhododendro-Vaccinietalia;Br.-Bl. in Br.-Bl. et Jenny 1926;ORD;    Rhododendro-Vaccinietalia
Loiseleurio-Vaccinion;Br.-Bl. in Br.-Bl. et Jenny 1926;VRB;      Loiseleurio-Vaccinion
Empetro hermaphroditi-Vaccinietum gaultherioidis;Br.-Bl. in Br.-Bl. et Jenny 1926 corr. Grabherr 1993;ASS;        Empetro hermaphroditi-Vaccinietum gaultherioidis
Arctostaphylo alpinae-Loiseleurietum;Oberd. 1950;ASS;        Arctostaphylo alpinae-Loiseleurietum
Rhododendretum ferruginei;Rübel 1911;ASS;        Rhododendretum ferruginei
Calamagrostis villosa-Pinus mugo-Gesellschaft;;ASS;        Calamagrostis villosa-Pinus mugo-Gesellschaft
XI. Waldgesellschaften;;FOR;XI. Waldgesellschaften
Alnetea glutinosae;Br.-Bl. et Tx. ex Westhoff et al. 1946;KLA;  Alnetea glutinosae
Alnetalia glutinosae;Tx. 1937;ORD;    Alnetalia glutinosae
Rubus idaeus-Alnus glutinosa-Gesellschaft;;ASS;        Rubus idaeus-Alnus glutinosa-Gesellschaft
Urtico-Alnetum;(Scamoni 1935) Fukarek 1961;ZEH;          Urtico-Alnetum
Alnion glutinosae;Malcuit 1929;VRB;      Alnion glutinosae
Alnion glutinosae-Basalgesellschaft;;ASS;        Alnion glutinosae-Basalgesellschaft
Equiseto-Betuletum carpaticae;Lohmeyer et Bohn 1972;ZEH;          Equiseto-Betuletum carpaticae
Alnus incana-Sumpfwald;;ZEH;          Alnus incana-Sumpfwald
Carici elongatae-Alnetum glutinosae;Schwickerath 1933;ASS;        Carici elongatae-Alnetum glutinosae
Sphagno palustris-Alnetum;Allorge ex Lemée 1939;ASS;        Sphagno palustris-Alnetum
Erico-Pinetea;Horvat 1959;KLA;  Erico-Pinetea
Erico-Pinetalia;Horvat 1959;ORD;    Erico-Pinetalia
Erico-Pinion sylvestris;Br.-Bl. in Br.-Bl. et al. 1939 nom. invers. propos.;VRB;      Erico-Pinion sylvestris
Calamagrostio variae-Pinetum sylvestris;Oberd. (1950) 1957;ASS;        Calamagrostio variae-Pinetum sylvestris
Cephalanthera longifolia-Pinus mugo-Gesellschaft;;ASS;        Cephalanthera longifolia-Pinus mugo-Gesellschaft
Molinia arundinacea-Pinus sylvestris-Gesellschaft;;ASS;        Molinia arundinacea-Pinus sylvestris-Gesellschaft
Thesium bavarum-Pinus sylvestris-Gesellschaft;;ASS;        Thesium bavarum-Pinus sylvestris-Gesellschaft
Buphthalmum salicifolium-Pinus sylvestris-Gesellschaft;;ASS;        Buphthalmum salicifolium-Pinus sylvestris-Gesellschaft
Sanguisorba minor-Pinus sylvestris-Gesellschaft;;ASS;        Sanguisorba minor-Pinus sylvestris-Gesellschaft
Erico-Pinion mugo;Leibundgut 1948 nom. invers. propos.;VRB;      Erico-Pinion mugo
Rhododendro hirsuti-Pinetum mugo;Br.-Bl. et al. 1939 nom. invers. propos.;ASS;        Rhododendro hirsuti-Pinetum mugo
Vaccinio-Piceetea;Br.-Bl. in Br.-Bl. et al. 1939;KLA;  Vaccinio-Piceetea
Piceetalia;Pawlowski in Pawlowski et al. 1928;ORD;    Piceetalia
Dicrano-Pinion;(Libbert 1932) Matuszkiewicz 1962;VRB;      Dicrano-Pinion
Peucedano-Pinetum;Matuszkiewicz 1962;ASS;        Peucedano-Pinetum
Empetro nigri-Pinetum;Libbert 1940 nom. invers. propos.;ASS;        Empetro nigri-Pinetum
Hieracio schmidtii-Pinetum;Stöcker 1965;ASS;        Hieracio schmidtii-Pinetum
Leucobryo-Pinetum;Matuszkiewicz 1962;ASS;        Leucobryo-Pinetum
Cladonio-Pinetum;Juraszek 1927;ASS;        Cladonio-Pinetum
Deschampsia flexuosa-Pinus sylvestris-Gesellschaft;;ASS;        Deschampsia flexuosa-Pinus sylvestris-Gesellschaft
Betula pubescens-Sorbus aucuparia-Gesellschaft;;ASS;        Betula pubescens-Sorbus aucuparia-Gesellschaft
Piceion abietis;Pawlowski in Pawlowski et al. 1928;VRB;      Piceion abietis
Luzulo nemorosae-Abietetum;Oberd. 1957 nom. conserv. propos.;ASS;        Luzulo nemorosae-Abietetum
Betula carpatica-Picea abies-Gesellschaft;;ASS;        Betula carpatica-Picea abies-Gesellschaft
Vaccinio-Abietetum;Oberd. 1957;ASS;        Vaccinio-Abietetum
Bazzanio-Piceetum;Br.-Bl. et Sissingh in  Br.-Bl. et al. 1939;ASS;        Bazzanio-Piceetum
Calamagrostio villosae-Piceetum;(Tx. 1937) Hartmann et Schlüter 1966 nom. conserv. propos.;ASS;        Calamagrostio villosae-Piceetum
Homogyno-Piceetum;Zukrigl 1973 nom. conserv. propos.;ASS;        Homogyno-Piceetum
Adenostylo glabrae-Piceetum;M. Wraber ex Zukrigl 1973;ASS;        Adenostylo glabrae-Piceetum
Asplenio-Piceetum;Kuoch 1954;ASS;        Asplenio-Piceetum
Vaccinio-Pinetum cembrae;(Pallmann et Haffter 1933) Oberd. 1962;ASS;        Vaccinio-Pinetum cembrae
Vaccinio uliginosi-Pinetea sylvestris;Passarge et Hofmann 1968;KLA;  Vaccinio uliginosi-Pinetea sylvestris
Molinia caerulea-Betula pubescens-Gesellschaft;;ASS;        Molinia caerulea-Betula pubescens-Gesellschaft
Vaccinio uliginosi-Pinetalia sylvestris;Passarge et Hofmann 1968;ORD;    Vaccinio uliginosi-Pinetalia sylvestris
Betulion pubescentis;Lohmeyer et Tx. ex Scamoni et Passarge 1959;VRB;      Betulion pubescentis
Vaccinio uliginosi-Betuletum pubescentis;Libbert 1933;ASS;        Vaccinio uliginosi-Betuletum pubescentis
Vaccinio uliginosi-Betuletum pubescentis;Libbert 1933 s.str.;ZEH;          Vaccinio uliginosi-Betuletum pubescentis
Vaccinio-Pinetum sylvestris;De Kleist 1929;ZEH;          Vaccinio-Pinetum sylvestris
Vaccinio-Pinetum rotundatae;Oberd. 1934;ZEH;          Vaccinio-Pinetum rotundatae
Vaccinio-Piceetum;Tx. 1955;ZEH;          Vaccinio-Piceetum
Carici lasiocarpae-Pinetalia sylvestris;Wagner nom. prov.;ORD;    Carici lasiocarpae-Pinetalia sylvestris
Carici lasiocarpae-Pinion sylvestris;Wagner nom. prov.;VRB;      Carici lasiocarpae-Pinion sylvestris
Carex lasiocarpa-Pinus rotundata-Gesellschaft;;ASS;        Carex lasiocarpa-Pinus rotundata-Gesellschaft
Rhamnus cathartica-Betula carpatica-Gesellschaft;;ASS;        Rhamnus cathartica-Betula carpatica-Gesellschaft
Carex fusca-Betula pubescens-Gesellschaft;;ASS;        Carex fusca-Betula pubescens-Gesellschaft
Querco-Fagetea;Br.-Bl. et Vlieger in Vlieger 1937;KLA;  Querco-Fagetea
Quercetalia roboris;Tx. 1931;ORD;    Quercetalia roboris
Quercion roboris;Malcuit 1929;VRB;      Quercion roboris
Betulo pendulae-Quercetum roboris;Tx. 1930 nom. invers. propos.;ASS;        Betulo pendulae-Quercetum roboris
Deschampsio flexuosae-Quercetum roboris;Passarge 1966;ASS;        Deschampsio flexuosae-Quercetum roboris
Luzulo-Quercetum petraeae;Hilitzer 1932 nom. invers. propos.;ASS;        Luzulo-Quercetum petraeae
Cladonio portentosae-Quercetum;Pallas 1996;ZEH;          Cladonio portentosae-Quercetum
Calamagrostio arundinaceae-Quercetum petraeae;(Hartmann 1934) Scamoni et Passarge 1959;ASS;        Calamagrostio arundinaceae-Quercetum petraeae
Luzulo-Fagion;Lohmeyer et Tx. in Tx. 1954;VRB;      Luzulo-Fagion
Luzulo-Fagetum;Meusel 1937;ASS;        Luzulo-Fagetum
Deschampsio flexuosae-Fagetum silvaticae;Schröder 1938 nom. invers. propos.;ZEH;          Deschampsio flexuosae-Fagetum silvaticae
Periclymeno-Fagetum;Passarge 1957;ZEH;          Periclymeno-Fagetum
Maianthemo-Fagetum, Ausbildungen nährstoffärmerer Standorte;Passarge 1960;ZEH;          Maianthemo-Fagetum, Ausbildungen nährstoffärmerer Standorte
Calamagrostio villosae-Fagetum;Mikyska 1972;ASS;        Calamagrostio villosae-Fagetum
Quercetalia pubescentis;Klika 1933;ORD;    Quercetalia pubescentis
Quercion pubescenti-petraeae;Br.-Bl. 1932 nom. mutat. propos.;VRB;      Quercion pubescenti-petraeae
Quercetum pubescenti-petraeae;Imchenetzky 1926 nom. invers. propos.;ASS;        Quercetum pubescenti-petraeae
Aceri monspessulani-Quercetum petraeae;Oberd. 1957;ASS;        Aceri monspessulani-Quercetum petraeae
Potentillo albae-Quercetum petraeae;Libbert 1933;ASS;        Potentillo albae-Quercetum petraeae
Fagetalia sylvaticae;Pawlowski in Pawlowski et al. 1928;ORD;    Fagetalia sylvaticae
Alno-Ulmion minoris;Br.-Bl. et Tx. ex Tchou 1948 / 1949 nom. conserv. propos.;VRB;      Alno-Ulmion minoris
Alnetum incanae;Lüdi 1921;ASS;        Alnetum incanae
Stellario nemorum-Alnetum glutinosae;Lohmeyer 1957;ASS;        Stellario nemorum-Alnetum glutinosae
Pruno-Fraxinetum;Oberd. 1953;ASS;        Pruno-Fraxinetum
Circaeo-Alnetum glutinosae;Oberd. 1953;ZEH;          Circaeo-Alnetum glutinosae
Carici remotae-Fraxinetum;W. Koch 1926 ex Faber 1937;ASS;        Carici remotae-Fraxinetum
Querco-Ulmetum;Issler 1924;ASS;        Querco-Ulmetum
Carpinion betuli;Issler 1931;VRB;      Carpinion betuli
Stellario-Carpinetum;Oberd. 1957;ASS;        Stellario-Carpinetum
Galio-Carpinetum;Oberd. 1957;ASS;        Galio-Carpinetum
Tilio platyphylli-Acerion pseudoplatani;Klika 1955;VRB;      Tilio platyphylli-Acerion pseudoplatani
Aceri-Tilietum platyphylli;Faber 1936 nom. conserv. propos.;ASS;        Aceri-Tilietum platyphylli
Fraxino-Aceretum;W. Koch ex Tx. 1937;ASS;        Fraxino-Aceretum
Adoxo-Aceretum;Passarge 1960 nom. conserv. propos.;ASS;        Adoxo-Aceretum
Deschampsio cespitosae-Aceretum;Bohn 1984;ZEH;          Deschampsio cespitosae-Aceretum
Fagion sylvaticae;Luquet 1926;VRB;      Fagion sylvaticae
Galio odorati-Fagetum;Sougnez et Thill 1959 nom. conserv. propos.;ASS;        Galio odorati-Fagetum
Maianthemo-Fagetum, Ausbildungen nährstoffreicherer Standorte;Passarge 1960;ZEH;          Maianthemo-Fagetum, Ausbildungen nährstoffreicherer Standorte
Oxalido-Fagetum;von Glahn 1981;ZEH;          Oxalido-Fagetum
Milio-Fagetum;Burrichter et Wittig 1977;ZEH;          Milio-Fagetum
Hordelymo-Fagetum;Kuhn 1937;ASS;        Hordelymo-Fagetum
Dentario heptaphyllae-Fagetum;(Moor 1952) Th. Müller 1966;ZEH;          Dentario heptaphyllae-Fagetum
Lathyro-Fagetum;Hartmann 1953;ZEH;          Lathyro-Fagetum
Dentario bulbiferae-Fagetum;Lohmeyer 1962;ZEH;          Dentario bulbiferae-Fagetum
Aposerido-Fagetum;Oberd. 1950 ex Oberd. 1957;ASS;        Aposerido-Fagetum
Galio rotundifolii-Abietetum;Wraber (1955) 1959 nom. conserv. propos.;ASS;        Galio rotundifolii-Abietetum
Adenostylo glabrae-Abietetum;H. Mayer et A. Hofmann 1969;ASS;        Adenostylo glabrae-Abietetum
Pyrolo-Abietetum;Oberd. 1957;ASS;        Pyrolo-Abietetum
Carici-Fagetum;Moor 1952;ASS;        Carici-Fagetum
Seslerio-Fagetum;Moor 1952;ASS;        Seslerio-Fagetum
Anthropogene Gehölzgesellschaften;;KLA;  Anthropogene Gehölzgesellschaften
Robinia pseudacacia-Gesellschaft;;ASS;        Robinia pseudacacia-Gesellschaft
Ailanthus altissima-Gesellschaft;;ASS;        Ailanthus altissima-Gesellschaft
Buddleja davidii-Gesellschaft;;ASS;        Buddleja davidii-Gesellschaft
Rosa rugosa-Gesellschaft;;ASS;        Rosa rugosa-Gesellschaft
Lycium barbarum-Gesellschaft;;ASS;        Lycium barbarum-Gesellschaft
Lycium chinense-Gesellschaft;;ASS;        Lycium chinense-Gesellschaft
Crataegus monogyna-Ruderalgesellschaft;;ASS;        Crataegus monogyna-Ruderalgesellschaft
Prunus serotina-Gesellschaft;;ASS;        Prunus serotina-Gesellschaft
Amelanchier lamarckii-Gesellschaft;;ASS;        Amelanchier lamarckii-Gesellschaft
Rubus armeniacus-Gesellschaft;;ASS;        Rubus armeniacus-Gesellschaft
